id,ros_package_file,file_path,method_name,type,type
1,autoware,src/core/autoware.core/common/autoware_geography_utils,src/height.cpp,convert_height,utilities
2,autoware,src/core/autoware.core/common/autoware_kalman_filter,src/time_delay_kalman_filter.cpp,TimeDelayKalmanFilter::predictWithDelay,utilities
3,autoware,src/core/autoware_lanelet2_extension/autoware_lanelet2_extension,lib/message_conversion.cpp,toBinMsg,utilities
4,autoware,src/core/autoware_lanelet2_extension/autoware_lanelet2_extension,lib/message_conversion.cpp,fromBinMsg,utilities
5,autoware,src/universe/autoware.universe/common/autoware_universe_utils,include/autoware/universe_utils/geometry/geometry.hpp,calcInterpolatedPoint,utilities
6,autoware,src/universe/autoware.universe/common/autoware_universe_utils,include/autoware/universe_utils/geometry/geometry.hpp,calcInterpolatedPose,utilities
7,autoware,src/universe/autoware.universe/common/autoware_universe_utils,include/autoware/universe_utils/ros/managed_transform_buffer.hpp,transformPointcloud,utilities
8,autoware,src/universe/autoware.universe/common/autoware_universe_utils,include/autoware/universe_utils/ros/managed_transform_buffer.hpp,getStaticTransform,utilities
9,autoware,src/universe/autoware.universe/common/autoware_universe_utils,src/geometry/boost_polygon_utils.cpp,rotatePolygon,utilities
10,autoware,src/universe/autoware.universe/common/autoware_universe_utils,src/geometry/geometry.cpp,calcOffsetPose,utilities
11,autoware,src/universe/autoware.universe/control/autoware_autonomous_emergency_braking,src/node.cpp,AEB::AEB,node_init
12,autoware,src/universe/autoware.universe/control/autoware_autonomous_emergency_braking,src/node.cpp,AEB::onParameter,callback_function
13,autoware,src/universe/autoware.universe/control/autoware_autonomous_emergency_braking,src/node.cpp,AEB::hasCollision,utilities
14,autoware,src/universe/autoware.universe/control/autoware_autonomous_emergency_braking,src/node.cpp,AEB::generateEgoPath,utilities
15,autoware,src/universe/autoware.universe/control/autoware_autonomous_emergency_braking,src/node.cpp,AEB::getPointsBelongingToClusterHulls,utilities
16,autoware,src/universe/autoware.universe/control/autoware_autonomous_emergency_braking,src/node.cpp,AEB::getClosestObjectsOnPath,utilities
17,autoware,src/universe/autoware.universe/control/autoware_autonomous_emergency_braking,src/node.cpp,AEB::cropPointCloudWithEgoFootprintPath,utilities
18,autoware,src/universe/autoware.universe/control/autoware_autonomous_emergency_braking,src/utils.cpp,getObjectOnPathData,utilities
19,autoware,src/universe/autoware.universe/control/autoware_autonomous_emergency_braking,src/utils.cpp,transformObjectFrame,utilities
20,autoware,src/universe/autoware.universe/control/autoware_lane_departure_checker,src/lane_departure_checker_node/utils.cpp,calcFootprintMargin,utilities
21,autoware,src/universe/autoware.universe/control/autoware_lane_departure_checker,src/lane_departure_checker_node/utils.cpp,cutTrajectory,utilities
22,autoware,src/universe/autoware.universe/control/autoware_lane_departure_checker,src/lane_departure_checker_node/utils.cpp,resampleTrajectory,utilities
23,autoware,src/universe/autoware.universe/control/autoware_obstacle_collision_checker,src/obstacle_collision_checker.cpp,get_transformed_point_cloud,utilities
24,autoware,src/universe/autoware.universe/control/autoware_obstacle_collision_checker,src/obstacle_collision_checker.cpp,filter_point_cloud_by_trajectory,utilities
25,autoware,src/universe/autoware.universe/control/autoware_obstacle_collision_checker,src/obstacle_collision_checker.cpp,check_for_collisions,utilities
26,autoware,src/universe/autoware.universe/control/autoware_obstacle_collision_checker,src/obstacle_collision_checker.cpp,resample_trajectory,utilities
27,autoware,src/universe/autoware.universe/control/autoware_obstacle_collision_checker,src/obstacle_collision_checker.cpp,cut_trajectory,utilities
28,autoware,src/universe/autoware.universe/control/autoware_pid_longitudinal_controller,src/longitudinal_controller_utils.cpp,calcStopDistance,utilities
29,autoware,src/universe/autoware.universe/control/autoware_pid_longitudinal_controller,src/longitudinal_controller_utils.cpp,getPitchByPose,utilities
30,autoware,src/universe/autoware.universe/control/autoware_pid_longitudinal_controller,src/longitudinal_controller_utils.cpp,calcPoseAfterTimeDelay,utilities
31,autoware,src/universe/autoware.universe/control/autoware_pid_longitudinal_controller,src/longitudinal_controller_utils.cpp,findTrajectoryPoseAfterDistance,utilities
32,autoware,src/universe/autoware.universe/control/autoware_pid_longitudinal_controller,src/pid.cpp,PIDController::calculate,utilities
33,autoware,src/universe/autoware.universe/control/autoware_trajectory_follower_node,src/controller_node.cpp,Controller::Controller,node_init
34,autoware,src/universe/autoware.universe/control/autoware_trajectory_follower_node,src/controller_node.cpp,Controller::callbackTimerControl,callback_function
35,autoware,src/universe/autoware.universe/control/autoware_trajectory_follower_node,src/controller_node.cpp,Controller::publishDebugMarker,publish_function
36,autoware,src/universe/autoware.universe/control/autoware_vehicle_cmd_gate,src/vehicle_cmd_gate.cpp,VehicleCmdGate::VehicleCmdGate,node_init
37,autoware,src/universe/autoware.universe/control/autoware_vehicle_cmd_gate,src/vehicle_cmd_gate.cpp,VehicleCmdGate::publishStatus,publish_function
38,autoware,src/universe/autoware.universe/control/autoware_vehicle_cmd_gate,src/vehicle_cmd_gate.cpp,VehicleCmdGate::getActualStatusAsCommand,utilities
39,autoware,src/universe/autoware.universe/control/autoware_vehicle_cmd_gate,src/vehicle_cmd_gate.cpp,VehicleCmdGate::publishMarkers,publish_function
40,autoware,src/universe/autoware.universe/evaluator/autoware_control_evaluator,src/control_evaluator_node.cpp,ControlEvaluatorNode::ControlEvaluatorNode,node_init
41,autoware,src/universe/autoware.universe/evaluator/autoware_control_evaluator,src/control_evaluator_node.cpp,ControlEvaluatorNode::AddKinematicStateMetricMsg,utilities
42,autoware,src/universe/autoware.universe/evaluator/autoware_kinematic_evaluator,src/kinematic_evaluator_node.cpp,KinematicEvaluatorNode::KinematicEvaluatorNode,node_init
43,autoware,src/universe/autoware.universe/evaluator/autoware_kinematic_evaluator,src/kinematic_evaluator_node.cpp,KinematicEvaluatorNode::onOdom,callback_function
44,autoware,src/universe/autoware.universe/evaluator/autoware_localization_evaluator,src/localization_evaluator_node.cpp,LocalizationEvaluatorNode::syncCallback,callback_function
45,autoware,src/universe/autoware.universe/evaluator/autoware_perception_online_evaluator,src/metrics_calculator.cpp,MetricsCalculator::hasPassedTime,utilities
46,autoware,src/universe/autoware.universe/evaluator/autoware_perception_online_evaluator,src/metrics_calculator.cpp,MetricsCalculator::getClosestStamp,utilities
47,autoware,src/universe/autoware.universe/evaluator/autoware_perception_online_evaluator,src/metrics_calculator.cpp,MetricsCalculator::getObjectByStamp,utilities
48,autoware,src/universe/autoware.universe/evaluator/autoware_perception_online_evaluator,src/metrics_calculator.cpp,MetricsCalculator::getObjectsByStamp,utilities
49,autoware,src/universe/autoware.universe/evaluator/autoware_perception_online_evaluator,src/perception_online_evaluator_node.cpp,PerceptionOnlineEvaluatorNode::PerceptionOnlineEvaluatorNode,node_init
50,autoware,src/universe/autoware.universe/evaluator/autoware_perception_online_evaluator,src/metrics/detection_count.cpp,DetectionCounter::addObjects,utilities
51,autoware,src/universe/autoware.universe/evaluator/autoware_planning_evaluator,src/planning_evaluator_node.cpp,PlanningEvaluatorNode::PlanningEvaluatorNode,node_init
52,autoware,src/universe/autoware.universe/evaluator/autoware_planning_evaluator,src/planning_evaluator_node.cpp,PlanningEvaluatorNode::AddMetricMsg,utilities
53,autoware,src/universe/autoware.universe/evaluator/autoware_planning_evaluator,src/planning_evaluator_node.cpp,PlanningEvaluatorNode::onTimer,callback_function
54,autoware,src/universe/autoware.universe/evaluator/autoware_planning_evaluator,src/planning_evaluator_node.cpp,PlanningEvaluatorNode::onTrajectory,callback_function
55,autoware,src/universe/autoware.universe/evaluator/autoware_planning_evaluator,src/planning_evaluator_node.cpp,PlanningEvaluatorNode::onModifiedGoal,callback_function
56,autoware,src/universe/autoware.universe/evaluator/autoware_planning_evaluator,src/metrics/obstacle_metrics.cpp,calcDistanceToObstacle,utilities
57,autoware,src/universe/autoware.universe/evaluator/autoware_planning_evaluator,src/metrics/obstacle_metrics.cpp,calcTimeToCollision,utilities
58,autoware,src/universe/autoware.universe/evaluator/autoware_planning_evaluator,src/metrics/stability_metrics.cpp,calcFrechetDistance,utilities
59,autoware,src/universe/autoware.universe/evaluator/autoware_planning_evaluator,src/metrics/trajectory_metrics.cpp,calcTrajectoryRelativeAngle,utilities
60,autoware,src/universe/autoware.universe/evaluator/autoware_planning_evaluator,src/metrics/trajectory_metrics.cpp,calcTrajectoryCurvature,utilities
61,autoware,src/universe/autoware.universe/localization/autoware_ekf_localizer,src/diagnostics.cpp,check_process_activated,utilities
62,autoware,src/universe/autoware.universe/localization/autoware_ekf_localizer,src/diagnostics.cpp,merge_diagnostic_status,utilities
63,autoware,src/universe/autoware.universe/localization/autoware_gyro_odometer,src/gyro_odometer_core.cpp,GyroOdometerNode::GyroOdometerNode,node_init
64,autoware,src/universe/autoware.universe/localization/autoware_gyro_odometer,src/gyro_odometer_core.cpp,GyroOdometerNode::callback_vehicle_twist,callback_function
65,autoware,src/universe/autoware.universe/localization/autoware_gyro_odometer,src/gyro_odometer_core.cpp,GyroOdometerNode::callback_imu,callback_function
66,autoware,src/universe/autoware.universe/localization/autoware_landmark_based_localizer/autoware_ar_tag_based_localizer,src/ar_tag_based_localizer.cpp,ArTagBasedLocalizer::ArTagBasedLocalizer,node_init
67,autoware,src/universe/autoware.universe/localization/autoware_localization_error_monitor,src/diagnostics_helper.hpp,check_localization_accuracy,utilities
68,autoware,src/universe/autoware.universe/localization/autoware_localization_error_monitor,src/diagnostics_helper.hpp,check_localization_accuracy,utilities
69,autoware,src/universe/autoware.universe/localization/autoware_pose2twist,src/pose2twist_core.cpp,compute_relative_rotation_vector,utilities
70,autoware,src/universe/autoware.universe/localization/autoware_pose_instability_detector,src/pose_instability_detector.cpp,PoseInstabilityDetector::PoseInstabilityDetector,node_init
71,autoware,src/universe/autoware.universe/map/autoware_map_loader,src/pointcloud_map_loader/differential_map_loader_module.cpp,DifferentialMapLoaderModule::DifferentialMapLoaderModule,node_init
72,autoware,src/universe/autoware.universe/map/autoware_map_loader,src/pointcloud_map_loader/differential_map_loader_module.cpp,DifferentialMapLoaderModule::on_service_get_differential_point_cloud_map,callback_function
73,autoware,src/universe/autoware.universe/map/autoware_map_loader,src/pointcloud_map_loader/differential_map_loader_module.cpp,DifferentialMapLoaderModule::load_point_cloud_map_cell_with_id,utilities
74,autoware,src/universe/autoware.universe/map/autoware_map_loader,src/pointcloud_map_loader/partial_map_loader_module.cpp,PartialMapLoaderModule::partial_area_load,utilities
75,autoware,src/universe/autoware.universe/map/autoware_map_projection_loader,src/load_info_from_lanelet2_map.cpp,load_info_from_lanelet2_map,utilities
76,autoware,src/universe/autoware.universe/perception/autoware_compare_map_segmentation,distance_based_compare_map_filter/node.cpp,DistanceBasedStaticMapLoader::onMapCallback,callback_function
77,autoware,src/universe/autoware.universe/perception/autoware_compare_map_segmentation,src/distance_based_compare_map_filter/node.cpp,DistanceBasedCompareMapFilterComponent::filter,utilities
78,autoware,src/universe/autoware.universe/perception/autoware_detected_object_validation,src/lanelet_filter/lanelet_filter.cpp,ObjectLaneletFilterNode::ObjectLaneletFilterNode,node_init
79,autoware,src/universe/autoware.universe/perception/autoware_detected_object_validation,src/position_filter/position_filter.cpp,ObjectPositionFilterNode::objectCallback,callback_function
80,autoware,src/universe/autoware.universe/perception/autoware_ground_segmentation,src/ransac_ground_filter/node.cpp,RANSACGroundFilterComponent::extractPointsIndices,utilities
81,autoware,src/universe/autoware.universe/perception/autoware_ground_segmentation,src/ransac_ground_filter/node.cpp,RANSACGroundFilterComponent::getPlaneAffine,utilities
82,autoware,src/universe/autoware.universe/perception/autoware_ground_segmentation,src/ransac_ground_filter/node.cpp,RANSACGroundFilterComponent::applyRANSAC,utilities
83,autoware,src/universe/autoware.universe/perception/autoware_ground_segmentation,src/ray_ground_filter/node.cpp,RANSACGroundFilterComponent::applyRANSAC,utilities
84,autoware,src/universe/autoware.universe/evaluator/autoware_perception_online_evaluator,src/metrics_calculator.cpp,MetricsCalculator::calcYawRateMetrics,utilities
85,autoware,src/universe/autoware.universe/evaluator/autoware_perception_online_evaluator,src/metrics_calculator.cpp,MetricsCalculator::calcObjectsCountMetrics,utilities
86,autoware,src/universe/autoware.universe/evaluator/autoware_perception_online_evaluator,src/metrics_calculator.cpp,MetricsCalculator::averageFilterPath,utilities
87,autoware,src/universe/autoware.universe/evaluator/autoware_perception_online_evaluator,src/perception_online_evaluator_node.cpp,PerceptionOnlineEvaluatorNode::PerceptionOnlineEvaluatorNode,node_init
88,autoware,src/universe/autoware.universe/evaluator/autoware_perception_online_evaluator,src/perception_online_evaluator_node.cpp,PerceptionOnlineEvaluatorNode::publishMetrics,publish_function
89,autoware,src/universe/autoware.universe/evaluator/autoware_perception_online_evaluator,src/metrics/detection_count.cpp,DetectionCounter::addObjects,utilities
90,autoware,src/universe/autoware.universe/evaluator/autoware_planning_evaluator,src/planning_evaluator_node.cpp,PlanningEvaluatorNode::onTimer,callback_function
91,autoware,src/universe/autoware.universe/evaluator/autoware_planning_evaluator,src/planning_evaluator_node.cpp,PlanningEvaluatorNode::onTrajectory,callback_function
92,autoware,src/universe/autoware.universe/evaluator/autoware_planning_evaluator,src/planning_evaluator_node.cpp,PlanningEvaluatorNode::onModifiedGoal,callback_function
93,autoware,src/universe/autoware.universe/evaluator/autoware_planning_evaluator,src/planning_evaluator_node.cpp,PlanningEvaluatorNode::onOdometry,callback_function
94,autoware,src/universe/autoware.universe/evaluator/autoware_scenario_simulator_v2_adapter,src/converter_node.cpp,MetricConverter::onMetrics,callback_function
95,autoware,src/universe/autoware.universe/localization/autoware_ekf_localizer,src/diagnostics.cpp,check_process_activated,utilities
96,autoware,src/universe/autoware.universe/localization/autoware_ekf_localizer,src/state_transition.cpp,create_state_transition_matrix,utilities
97,autoware,src/universe/autoware.universe/localization/autoware_gyro_odometer,src/gyro_odometer_core.cpp,GyroOdometerNode::callback_vehicle_twist,callback_function
98,autoware,src/universe/autoware.universe/map/autoware_map_loader,pointcloud_map_loader/src/utils.cpp,load_pcd_metadata,utilities
99,autoware,src/universe/autoware.universe/map/autoware_map_loader,src/load_info_from_lanelet2_map.cpp,load_info_from_lanelet2_map,utilities
100,autoware,src/universe/autoware.universe/perception/autoware_compare_map_segmentation,distance_based_compare_map_filter/src/node.cpp,DistanceBasedStaticMapLoader::onMapCallback,callback_function
101,autoware,src/universe/autoware.universe/perception/autoware_compare_map_segmentation,distance_based_compare_map_filter/src/node.cpp,DistanceBasedCompareMapFilterComponent::DistanceBasedCompareMapFilterComponent,node_init
102,autoware,src/universe/autoware.universe/perception/autoware_compare_map_segmentation,voxel_based_approximate_compare_map_filter/src/node.cpp,VoxelBasedApproximateCompareMapFilterComponent::VoxelBasedApproximateCompareMapFilterComponent,node_init
103,autoware,src/universe/autoware.universe/perception/autoware_compare_map_segmentation,voxel_based_compare_map_filter/src/node.cpp,VoxelBasedCompareMapFilterComponent::VoxelBasedCompareMapFilterComponent,node_init
104,autoware,src/universe/autoware.universe/perception/autoware_compare_map_segmentation,voxel_distance_based_compare_map_filter/src/node.cpp,VoxelDistanceBasedStaticMapLoader::onMapCallback,callback_function
105,autoware,src/universe/autoware.universe/perception/autoware_compare_map_segmentation,voxel_distance_based_compare_map_filter/src/node.cpp,VoxelDistanceBasedCompareMapFilterComponent::VoxelDistanceBasedCompareMapFilterComponent,node_init
106,autoware,src/universe/autoware.universe/perception/autoware_compare_map_segmentation,voxel_grid_map_loader/src/voxel_grid_map_loader.cpp,VoxelGridMapLoader::VoxelGridMapLoader,node_init
107,autoware,src/universe/autoware.universe/perception/autoware_compare_map_segmentation,voxel_grid_map_loader/src/voxel_grid_map_loader.cpp,VoxelGridMapLoader::publish_downsampled_map,publish_function
108,autoware,src/universe/autoware.universe/perception/autoware_compare_map_segmentation,voxel_grid_map_loader/src/voxel_grid_map_loader.cpp,VoxelGridStaticMapLoader::VoxelGridStaticMapLoader,node_init
109,autoware,src/universe/autoware.universe/perception/autoware_compare_map_segmentation,voxel_grid_map_loader/src/voxel_grid_map_loader.cpp,VoxelGridStaticMapLoader::onMapCallback,callback_function
110,autoware,src/universe/autoware.universe/perception/autoware_detected_object_validation,src/lanelet_filter/lanelet_filter.cpp,ObjectLaneletFilterNode::ObjectLaneletFilterNode,node_init
111,autoware,src/universe/autoware.universe/perception/autoware_detected_object_validation,src/lanelet_filter/lanelet_filter.cpp,ObjectLaneletFilterNode::mapCallback,callback_function
112,autoware,src/universe/autoware.universe/perception/autoware_detected_object_validation,src/lanelet_filter/lanelet_filter.cpp,ObjectLaneletFilterNode::objectCallback,callback_function
113,autoware,src/universe/autoware.universe/perception/autoware_detected_object_validation,src/lanelet_filter/lanelet_filter.cpp,ObjectLaneletFilterNode::getConvexHull,utilities
114,autoware,src/universe/autoware.universe/perception/autoware_detected_object_validation,src/lanelet_filter/lanelet_filter.cpp,ObjectLaneletFilterNode::isPolygonOverlapLanelets,utilities
115,autoware,src/universe/autoware.universe/perception/autoware_detected_object_validation,src/position_filter/position_filter.cpp,ObjectPositionFilterNode::ObjectPositionFilterNode,node_init
116,autoware,src/universe/autoware.universe/perception/autoware_detected_object_validation,src/position_filter/position_filter.cpp,ObjectPositionFilterNode::objectCallback,callback_function
117,autoware,src/universe/autoware.universe/perception/autoware_euclidean_cluster,lib/utils.cpp,getCentroid,utilities
118,autoware,src/universe/autoware.universe/perception/autoware_ground_segmentation,ransac_ground_filter/node.cpp,RANSACGroundFilterComponent::extractPointsIndices,utilities
119,autoware,src/universe/autoware.universe/perception/autoware_ground_segmentation,ransac_ground_filter/node.cpp,RANSACGroundFilterComponent::getPlaneAffine,utilities
120,autoware,src/universe/autoware.universe/perception/autoware_ground_segmentation,ransac_ground_filter/node.cpp,RANSACGroundFilterComponent::applyRANSAC,utilities
121,autoware,src/universe/autoware.universe/perception/autoware_ground_segmentation,scan_ground_filter/data.hpp,pseudoArcTan2,utilities
122,autoware,src/universe/autoware.universe/perception/autoware_ground_segmentation,scan_ground_filter/node.cpp,ScanGroundFilterComponent::ScanGroundFilterComponent,node_init
123,autoware,src/universe/autoware.universe/perception/autoware_map_based_prediction,src/path_generator.cpp,PredictedPath PathGenerator::generateStraightPath,utilities
124,autoware,src/universe/autoware.universe/perception/autoware_map_based_prediction,src/path_generator.cpp,PredictedPath PathGenerator::generatePathForLowSpeedVehicle,utilities
125,autoware,src/universe/autoware.universe/perception/autoware_radar_crossing_objects_noise_filter,src/radar_crossing_objects_noise_filter_node.cpp,RadarCrossingObjectsNoiseFilterNode::RadarCrossingObjectsNoiseFilterNode,node_init
126,autoware,src/universe/autoware.universe/perception/autoware_radar_crossing_objects_noise_filter,src/radar_crossing_objects_noise_filter_node.cpp,RadarCrossingObjectsNoiseFilterNode::isNoise,utilities
127,autoware,src/universe/autoware.universe/perception/autoware_radar_object_tracker,utils/radar_object_tracker_utils.cpp,checkCloseLaneletCondition,utilities
128,autoware,src/universe/autoware.universe/perception/autoware_raindrop_cluster_filter,src/low_intensity_cluster_filter_node.cpp,LowIntensityClusterFilter::LowIntensityClusterFilter,node_init
129,autoware,src/universe/autoware.universe/perception/autoware_raindrop_cluster_filter,src/low_intensity_cluster_filter_node.cpp,LowIntensityClusterFilter::isValidatedCluster,utilities
130,autoware,src/universe/autoware.universe/perception/autoware_traffic_light_arbiter,src/traffic_light_arbiter.cpp,TrafficLightArbiter::TrafficLightArbiter,node_init
131,autoware,src/universe/autoware.universe/perception/autoware_traffic_light_arbiter,src/traffic_light_arbiter.cpp,TrafficLightArbiter::onMap,callback_function
132,autoware,src/universe/autoware.universe/perception/perception_utils,src/run_length_encoder.cpp,runLengthEncoder,utilities
133,autoware,src/universe/autoware.universe/perception/perception_utils,src/run_length_encoder.cpp,runLengthDecoder,utilities
134,autoware,src/universe/autoware.universe/planning/autoware_costmap_generator,src/costmap_generator.cpp,CostmapGenerator::CostmapGenerator,node_init
135,autoware,src/universe/autoware.universe/planning/autoware_costmap_generator,src/costmap_generator.cpp,CostmapGenerator::loadRoadAreasFromLaneletMap,utilities
136,autoware,src/universe/autoware.universe/planning/autoware_costmap_generator,src/costmap_generator.cpp,CostmapGenerator::loadParkingAreasFromLaneletMap,utilities
137,autoware,src/universe/autoware.universe/planning/autoware_freespace_planner,src/autoware_freespace_planner/freespace_planner_node.cpp,FreespacePlannerNode::FreespacePlannerNode,node_init
138,autoware,src/universe/autoware.universe/planning/autoware_freespace_planner,src/autoware_freespace_planner/freespace_planner_node.cpp,FreespacePlannerNode::getPlannerCommonParam,utilities
139,autoware,src/universe/autoware.universe/planning/autoware_freespace_planner,src/autoware_freespace_planner/freespace_planner_node.cpp,FreespacePlannerNode::checkCurrentTrajectoryCollision,utilities
140,autoware,src/universe/autoware.universe/planning/autoware_mission_planner_universe,src/lanelet2_plugins/utility_functions.cpp,convert_linear_ring_to_polygon,utilities
141,autoware,src/universe/autoware.universe/planning/autoware_mission_planner_universe,src/lanelet2_plugins/utility_functions.cpp,convertCenterlineToPoints,utilities
142,autoware,src/universe/autoware.universe/planning/autoware_mission_planner_universe,src/lanelet2_plugins/utility_functions.cpp,is_in_parking_space,utilities
143,autoware,src/universe/autoware.universe/planning/autoware_obstacle_cruise_planner,src/node.cpp,ObstacleCruisePlannerNode::ObstacleCruisePlannerNode,node_init
144,autoware,src/universe/autoware.universe/planning/autoware_obstacle_cruise_planner,src/planner_interface.cpp,PlannerInterface::publishMetrics,publish_function
145,autoware,src/universe/autoware.universe/planning/autoware_obstacle_stop_planner,src/adaptive_cruise_control.cpp,AdaptiveCruiseController::AdaptiveCruiseController,node_init
146,autoware,src/universe/autoware.universe/planning/autoware_obstacle_stop_planner,src/node.cpp,ObstacleStopPlannerNode::ObstacleStopPlannerNode,node_init
147,autoware,src/universe/autoware.universe/planning/autoware_obstacle_stop_planner,src/node.cpp,ObstacleStopPlannerNode::onPointCloud,callback_function
148,autoware,src/universe/autoware.universe/planning/autoware_obstacle_stop_planner,src/planner_utils.cpp,getBackwardPointFromBasePoint,utilities
149,autoware,src/universe/autoware.universe/planning/autoware_obstacle_stop_planner,src/planner_utils.cpp,getExtendTrajectoryPoint,utilities
150,autoware,src/universe/autoware.universe/planning/autoware_obstacle_stop_planner,src/planner_utils.cpp,decimateTrajectory,utilities
151,autoware,src/universe/autoware.universe/planning/autoware_obstacle_stop_planner,src/planner_utils.cpp,extendTrajectory,utilities
152,autoware,src/universe/autoware.universe/planning/autoware_path_optimizer,src/node.cpp,PathOptimizer::PathOptimizer,node_init
153,autoware,src/universe/autoware.universe/planning/autoware_path_smoother,src/elastic_band.cpp,makePMatrix,utilities
154,autoware,src/universe/autoware.universe/planning/autoware_path_smoother,src/elastic_band_smoother.cpp,ElasticBandSmoother::ElasticBandSmoother,node_init
155,autoware,src/universe/autoware.universe/planning/autoware_planning_validator,src/planning_validator.cpp,PlanningValidator::PlanningValidator,node_init
156,autoware,src/universe/autoware.universe/planning/autoware_planning_validator,src/planning_validator.cpp,PlanningValidator::onTrajectory,callback_function
157,autoware,src/universe/autoware.universe/planning/autoware_planning_validator,src/planning_validator.cpp,PlanningValidator::publishProcessingTime,publish_function
158,autoware,src/universe/autoware.universe/planning/autoware_planning_validator,src/planning_validator.cpp,PlanningValidator::publishDebugInfo,publish_function
159,autoware,src/universe/autoware.universe/planning/autoware_planning_validator,src/utils.cpp,resampleTrajectory,utilities
160,autoware,src/universe/autoware.universe/planning/autoware_route_handler,src/route_handler.cpp,get3DPointFrom2DArcLength,utilities
161,autoware,src/universe/autoware.universe/planning/autoware_route_handler,src/route_handler.cpp,removeOverlappingPoints,utilities
162,autoware,src/universe/autoware.universe/planning/autoware_rtc_interface,src/rtc_interface.cpp,RTCInterface::RTCInterface,node_init
163,autoware,src/universe/autoware.universe/planning/autoware_scenario_selector,src/node.cpp,isInLane,utilities
164,autoware,src/universe/autoware.universe/planning/autoware_scenario_selector,src/node.cpp,isNearTrajectoryEnd,utilities
165,autoware,src/universe/autoware.universe/planning/autoware_scenario_selector,src/node.cpp,ScenarioSelectorNode::onOdom,callback_function
166,autoware,src/universe/autoware.universe/planning/autoware_scenario_selector,src/node.cpp,ScenarioSelectorNode::onTimer,callback_function
167,autoware,src/universe/autoware.universe/planning/autoware_scenario_selector,src/node.cpp,ScenarioSelectorNode::ScenarioSelectorNode,node_init
168,autoware,src/universe/autoware.universe/planning/autoware_velocity_smoother,src/node.cpp,VelocitySmootherNode::VelocitySmootherNode,node_init
169,autoware,src/universe/autoware.universe/planning/autoware_velocity_smoother,src/node.cpp,VelocitySmootherNode::publishTrajectory,publish_function
170,autoware,src/universe/autoware.universe/planning/autoware_velocity_smoother,src/node.cpp,VelocitySmootherNode::publishStopDistance,publish_function
171,autoware,src/universe/autoware.universe/planning/autoware_velocity_smoother,src/node.cpp,VelocitySmootherNode::publishClosestVelocity,publish_function
172,autoware,src/universe/autoware.universe/planning/autoware_velocity_smoother,src/node.cpp,VelocitySmootherNode::publishClosestState,publish_function
173,autoware,src/universe/autoware.universe/planning/autoware_velocity_smoother,src/node.cpp,VelocitySmootherNode::publishStopWatchTime,publish_function
174,autoware,src/universe/autoware.universe/planning/behavior_path_planner/autoware_behavior_path_side_shift_module,src/utils.cpp,setOrientation,utilities
175,autoware,src/universe/autoware.universe/planning/behavior_path_planner/autoware_behavior_path_static_obstacle_avoidance_module,src/shift_pull_out.cpp,ShiftPullOut::calcPullOutLongitudinalDistance,utilities
176,autoware,src/universe/autoware.universe/planning/behavior_path_planner/autoware_behavior_path_static_obstacle_avoidance_module,src/shift_pull_out.cpp,ShiftPullOut::calcBeforeShiftedArcLength,utilities
177,autoware,src/universe/autoware.universe/planning/motion_velocity_planner/autoware_motion_velocity_obstacle_velocity_limiter_module,src/occupancy_grid_utils.cpp,arcDistance,utilities
178,autoware,src/universe/autoware.universe/planning/motion_velocity_planner/autoware_motion_velocity_obstacle_velocity_limiter_module,src/occupancy_grid_utils.cpp,extractObstacles,utilities
179,autoware,src/universe/autoware.universe/planning/motion_velocity_planner/autoware_motion_velocity_out_of_lane_module,src/filter_predicted_objects.cpp,cut_predicted_path_beyond_line,utilities
180,autoware,src/universe/autoware.universe/planning/motion_velocity_planner/sampling_based_planner/autoware_sampler_common,src/transform/spline_transform.cpp,Spline::solveLinearSystem,utilities
181,autoware,src/universe/autoware.universe/planning/motion_velocity_planner/sampling_based_planner/autoware_sampler_common,src/transform/spline_transform.cpp,Spline2D::arcLength,utilities
182,autoware,src/universe/autoware.universe/sensing/autoware_imu_corrector,src/gyro_bias_estimation_module.cpp,integrate_orientation,utilities
183,autoware,src/universe/autoware.universe/sensing/autoware_imu_corrector,src/gyro_bias_estimation_module.cpp,calculate_error_rpy,utilities
184,autoware,src/universe/autoware.universe/sensing/autoware_imu_corrector,src/gyro_bias_estimation_module.cpp,GyroBiasEstimationModule::get_bias_base_link,utilities
185,autoware,src/universe/autoware.universe/sensing/autoware_radar_tracks_noise_filter,src/radar_tracks_noise_filter_node.cpp,RadarTrackCrossingNoiseFilterNode::RadarTrackCrossingNoiseFilterNode,node_init
186,autoware,src/universe/autoware.universe/simulator/autoware_dummy_perception_publisher,src/signed_distance_function.cpp,AbstractSignedDistanceFunction::getSphereTracingDist,utilities
187,autoware,src/universe/autoware.universe/simulator/autoware_dummy_perception_publisher,src/signed_distance_function.cpp,CompositeSDF::nearest_sdf_index,utilities
188,autoware,src/universe/autoware.universe/vehicle/autoware_external_cmd_converter,src/node.cpp,ExternalCmdConverterNode::ExternalCmdConverterNode,node_init
189,autoware,src/universe/autoware.universe/vehicle/autoware_external_cmd_converter,src/node.cpp,ExternalCmdConverterNode::calculate_acc,utilities
190,autoware,src/universe/autoware.universe/vehicle/autoware_external_cmd_converter,src/node.cpp,ExternalCmdConverterNode::check_emergency_stop_topic_timeout,utilities
191,autoware,src/universe/autoware.universe/vehicle/autoware_external_cmd_converter,src/node.cpp,ExternalCmdConverterNode::check_remote_topic_rate,utilities
192,autoware,src/universe/autoware.universe/vehicle/autoware_raw_vehicle_cmd_converter,src/accel_map.cpp,AccelMap::readAccelMapFromCSV,utilities
193,autoware,src/universe/autoware.universe/vehicle/autoware_raw_vehicle_cmd_converter,src/accel_map.cpp,AccelMap::getThrottle,utilities
194,autoware,src/universe/autoware.universe/vehicle/autoware_raw_vehicle_cmd_converter,src/accel_map.cpp,AccelMap::getAcceleration,utilities
195,autoware,src/universe/autoware.universe/vehicle/autoware_raw_vehicle_cmd_converter,src/brake_map.cpp,BrakeMap::readBrakeMapFromCSV,utilities
196,autoware,src/universe/autoware.universe/vehicle/autoware_raw_vehicle_cmd_converter,src/brake_map.cpp,BrakeMap::getBrake,utilities
197,autoware,src/universe/autoware.universe/vehicle/autoware_raw_vehicle_cmd_converter,src/brake_map.cpp,BrakeMap::getAcceleration,utilities
198,autoware,src/universe/autoware.universe/vehicle/autoware_raw_vehicle_cmd_converter,src/csv_loader.cpp,CSVLoader::readCSV,utilities
199,autoware,src/universe/autoware.universe/vehicle/autoware_raw_vehicle_cmd_converter,src/csv_loader.cpp,CSVLoader::validateMap,utilities
200,autoware,src/universe/autoware.universe/vehicle/autoware_raw_vehicle_cmd_converter,src/csv_loader.cpp,CSVLoader::validateData,utilities
201,autoware,src/universe/autoware.universe/vehicle/autoware_raw_vehicle_cmd_converter,src/csv_loader.cpp,CSVLoader::getMap,utilities
202,autoware,src/universe/autoware.universe/vehicle/autoware_raw_vehicle_cmd_converter,src/pid.cpp,PIDController::calculatePID,utilities
203,mcl_3dl,src/mcl_3dl,src/cloud_accum.cpp,CloudAccumulationLogic::push,utilities
204,mcl_3dl,src/mcl_3dl,src/cloud_accum.cpp,radiusSearch,utilities
205,mcl_3dl,src/mcl_3dl,src/mcl_3dl/pf.h,expectation,utilities
206,mcl_3dl,src/mcl_3dl,src/mcl_3dl/pf.h,measure,utilities
207,mcl_3dl,src/mcl_3dl,src/mcl_3dl/pf.h,covariance,utilities
208,mcl_3dl,src/mcl_3dl,src/mcl_3dl/quat.h,Quat,utilities
209,mcl_3dl,src/mcl_3dl,src/mcl_3dl/quat.h,getAxisAng,utilities
210,mcl_3dl,src/mcl_3dl,src/mcl_3dl/state_6dof.h,covElement,utilities
211,mcl_3dl,src/mcl_3dl,src/mcl_3dl/motion_prediction_models/motion_prediction_model_differential_drive.h,setOdoms,utilities
212,mcl_3dl,src/mcl_3dl,src/mcl_3dl/motion_prediction_models/motion_prediction_model_differential_drive.h,predict,utilities
213,mcl_3dl,src/mcl_3dl,src/mcl_3dl/point_cloud_random_samplers/point_cloud_sampler_with_normal.h,setParticleStatistics,utilities
214,mcl_3dl,src/mcl_3dl,src/mcl_3dl/raycasts/raycast_using_dda.h,setRay,utilities
215,mcl_3dl,src/mcl_3dl,src/mcl_3dl/raycasts/raycast_using_dda.h,getNextCastResult,utilities
216,mcl_3dl,src/mcl_3dl,src/mcl_3dl/raycasts/raycast_using_kdtree.h,setRay,utilities
217,mcl_3dl,src/mcl_3dl,src/mcl_3dl/raycasts/raycast_using_kdtree.h,getNextCastResult,utilities
218,laser_filters,src/scan_to_scan_filter_chain.cpp,ScanToScanFilterChain::ScanToScanFilterChain,node_init,node_init
219,laser_filters,src/laser_filters/array_filter.h,configure,utilities,utilities
220,laser_filters,src/laser_filters/array_filter.h,update,utilities,utilities
221,laser_filters,src/laser_filters/intensity_filter.h,update,utilities,utilities
222,laser_filters,src/laser_filters/interpolation_filter.h,update,utilities,utilities
223,laser_filters,src/laser_filters/scan_mask_filter.h,update,utilities,utilities
224,laser_filters,src/laser_filters/scan_shadow_detector.h,isShadow,utilities,utilities
225,laser_filters,src/laser_filters/scan_shadows_filter.h,update,utilities,utilities
226,laser_filters,src/laser_filters/speckle_filter.h,checkWindowValid,utilities,utilities
227,laser_filters,src/laser_filters/speckle_filter.h,update,utilities,utilities
228,navigation2,src/nav2_behaviors/include/nav2_behaviors/timed_behavior.hpp,configure,node_init,node_init
229,navigation2,src/nav2_util/src/odometry_utils.cpp,OdomSmoother::OdomSmoother,node_init,node_init
230,navigation2,src/nav2_util/src/odometry_utils.cpp,OdomSmoother::odomCallback,callback_function,callback_function
231,navigation2,src/nav2_util/src/robot_utils.cpp,getCurrentPose,utilities,utilities
232,navigation2,src/nav2_util/src/robot_utils.cpp,transformPoseInTargetFrame,utilities,utilities
233,navigation2,nav2_behavior_tree/include/nav2_behavior_tree/bt_conversions.hpp,convertFromString,utilities,utilities
234,navigation2,nav2_behavior_tree/include/nav2_behavior_tree/bt_conversions.hpp,convertFromString,utilities,utilities
235,navigation2,nav2_behavior_tree/include/nav2_behavior_tree/bt_conversions.hpp,convertFromString,utilities,utilities
236,navigation2,nav2_collision_monitor/src/kinematics.cpp,transformPoints,utilities,utilities
237,navigation2,nav2_collision_monitor/src/kinematics.cpp,projectState,utilities,utilities
238,navigation2,nav2_collision_monitor/src/pointcloud.cpp,PointCloud::getData,utilities,utilities
239,navigation2,nav2_collision_monitor/src/polygon.cpp,getCollisionTime,utilities,utilities
240,navigation2,nav2_collision_monitor/src/polygon.cpp,publish,publish_function,publish_function
241,navigation2,nav2_collision_monitor/src/polygon.cpp,Polygon::isPointInside,utilities,utilities
242,navigation2,nav2_collision_monitor/src/polygon.cpp,Range::getData,utilities,utilities
243,navigation2,nav2_collision_monitor/src/scan.cpp,Scan::getData,utilities,utilities
244,navigation2,nav2_constrained_smoother/include/nav2_constrained_smoother/smoother_cost_function.hpp,addSmoothingResidual,utilities,utilities
245,navigation2,nav2_constrained_smoother/include/nav2_constrained_smoother/smoother_cost_function.hpp,addCurvatureResidual,utilities,utilities
246,navigation2,nav2_constrained_smoother/include/nav2_constrained_smoother/smoother_cost_function.hpp,addCostResidual,utilities,utilities
247,navigation2,nav2_constrained_smoother/include/nav2_constrained_smoother/smoother_cost_function.hpp,arcCenter,utilities,utilities
248,navigation2,nav2_constrained_smoother/include/nav2_constrained_smoother/smoother_cost_function.hpp,tangentDir,utilities,utilities
249,navigation2,nav2_costmap_2d/include/nav2_costmap_2d/costmap_2d.hpp,copyMapRegion,utilities,utilities
250,navigation2,nav2_costmap_2d/include/nav2_costmap_2d/costmap_2d.hpp,raytraceLine,utilities,utilities
251,navigation2,nav2_costmap_2d/include/nav2_costmap_2d/costmap_2d.hpp,bresenham2D,utilities,utilities
252,navigation2,nav2_costmap_2d/include/nav2_costmap_2d/denoise/image.hpp,probeRows,utilities,utilities
253,navigation2,nav2_costmap_2d/include/nav2_costmap_2d/denoise/image.hpp,morphologyOperation,utilities,utilities
254,navigation2,nav2_costmap_2d/include/nav2_costmap_2d/denoise/image.hpp,connectedComponentsImpl,utilities,utilities
255,navigation2,nav2_costmap_2d/include/nav2_costmap_2d/denoise/image.hpp,removeGroups,utilities,utilities
256,navigation2,nav2_costmap_2d/include/nav2_costmap_2d/denoise/image.hpp,connectedComponents,utilities,utilities
257,navigation2,nav2_costmap_2d/plugins/denoise_layer.cpp,DenoiseLayer::removeSinglePixels,utilities,utilities
258,navigation2,nav2_costmap_2d/plugins/inflation_layer.cpp,InflationLayer::enqueue,utilities,utilities
259,navigation2,nav2_costmap_2d/plugins/inflation_layer.cpp,InflationLayer::computeCaches,utilities,utilities
260,navigation2,nav2_costmap_2d/plugins/costmap_filters/binary_filter.cpp,BinaryFilter::filterInfoCallback,callback_function,callback_function
261,navigation2,nav2_costmap_2d/plugins/costmap_filters/binary_filter.cpp,BinaryFilter::maskCallback,callback_function,callback_function
262,navigation2,nav2_costmap_2d/plugins/costmap_filters/binary_filter.cpp,BinaryFilter::process,utilities,utilities
263,navigation2,nav2_costmap_2d/plugins/costmap_filters/costmap_filter.cpp,CostmapFilter::enableCallback,callback_function,callback_function
264,navigation2,nav2_costmap_2d/plugins/costmap_filters/costmap_filter.cpp,CostmapFilter::transformPose,utilities,utilities
265,navigation2,nav2_costmap_2d/plugins/costmap_filters/keepout_filter.cpp,KeepoutFilter::filterInfoCallback,callback_function,callback_function
266,navigation2,nav2_costmap_2d/plugins/costmap_filters/keepout_filter.cpp,KeepoutFilter::maskCallback,callback_function,callback_function
267,navigation2,nav2_costmap_2d/plugins/costmap_filters/speed_filter.cpp,SpeedFilter::filterInfoCallback,callback_function,callback_function
268,navigation2,nav2_costmap_2d/plugins/costmap_filters/speed_filter.cpp,SpeedFilter::maskCallback,utilities,utilities
269,navigation2,nav2_costmap_2d/src/clear_costmap_service.cpp,ClearCostmapService::ClearCostmapService,node_init,node_init
270,navigation2,nav2_costmap_2d/src/costmap_2d_publisher.cpp,Costmap2DPublisher::Costmap2DPublisher,node_init,node_init
271,navigation2,nav2_costmap_2d/src/costmap_2d_publisher.cpp,Costmap2DROS::Costmap2DROS,node_init,node_init
272,navigation2,nav2_costmap_2d/src/costmap_2d_publisher.cpp,Costmap2DROS::on_configure,node_init,node_init
273,navigation2,nav2_costmap_2d/src/costmap_2d_publisher.cpp,Costmap2DROS::on_activate,node_init,node_init
274,navigation2,nav2_costmap_2d/src/costmap_2d_publisher.cpp,Costmap2DROS::on_deactivate,node_init,node_init
275,navigation2,nav2_costmap_2d/src/costmap_2d_publisher.cpp,Costmap2DROS::getParameters,node_init,node_init
276,navigation2,nav2_costmap_2d/src/costmap_layer.cpp,CostmapLayer::updateWithMax,utilities,utilities
277,navigation2,nav2_costmap_2d/src/costmap_math.cpp,distanceToLine,utilities,utilities
278,navigation2,nav2_costmap_2d/src/footprint.cpp,calculateMinAndMaxDistances,utilities,utilities
279,navigation2,nav2_costmap_2d/src/footprint.cpp,transformFootprint,utilities,utilities
280,navigation2,nav2_costmap_2d/src/footprint.cpp,transformFootprint,utilities,utilities
281,navigation2,nav2_costmap_2d/src/footprint_subscriber.cpp,FootprintSubscriber::getFootprintInRobotFrame,utilities,utilities
282,navigation2,nav2_dwb_controller/dwb_core/src/trajectory_utils.cpp,getClosestPose,utilities,utilities
283,navigation2,nav2_dwb_controller/dwb_core/src/trajectory_utils.cpp,projectPose,utilities,utilities
284,navigation2,nav2_dwb_controller/dwb_critics/src/obstacle_footprint.cpp,getOrientedFootprint,utilities,utilities
285,navigation2,nav2_dwb_controller/dwb_critics/src/obstacle_footprint.cpp,ObstacleFootprintCritic::scorePose,utilities,utilities
286,navigation2,nav2_dwb_controller/dwb_critics/src/obstacle_footprint.cpp,ObstacleFootprintCritic::lineCost,utilities,utilities
287,navigation2,nav2_dwb_controller/dwb_critics/src/prefer_forward.cpp,PreferForwardCritic::scoreTrajectory,utilities,utilities
288,navigation2,nav2_dwb_controller/dwb_plugins/src/standard_traj_generator.cpp,StandardTrajectoryGenerator::getTimeSteps,utilities,utilities
289,navigation2,nav2_dwb_controller/dwb_plugins/src/standard_traj_generator.cpp,StandardTrajectoryGenerator::generateTrajectory,utilities,utilities
290,navigation2,nav2_dwb_controller/dwb_plugins/src/standard_traj_generator.cpp,StandardTrajectoryGenerator::computeNewVelocity,utilities,utilities
291,navigation2,nav2_dwb_controller/dwb_plugins/src/standard_traj_generator.cpp,StandardTrajectoryGenerator::computeNewPosition,utilities,utilities
292,navigation2,nav2_dwb_controller/nav_2d_utils/src/path_ops.cpp,adjustPlanResolution,utilities,utilities
293,navigation2,nav2_graceful_controller/include/nav2_graceful_controller/ego_polar_coords.cpp,EgocentricPolarCoordinates,utilities,utilities
294,navigation2,nav2_graceful_controller/src/smooth_control_law.cpp,SmoothControlLaw::calculateRegularVelocity,utilities,utilities
295,navigation2,nav2_graceful_controller/src/smooth_control_law.cpp,SmoothControlLaw::calculateNextPose,utilities,utilities
296,navigation2,nav2_graceful_controller/src/smooth_control_law.cpp,SmoothControlLaw::calculateCurvature,utilities,utilities
297,navigation2,nav2_map_server/src/map_server/map_server.cpp,MapServer::getMapCallback,utilities,utilities
298,navigation2,nav2_map_server/src/map_server/map_server.cpp,MapServer::loadMapCallback,utilities,utilities
299,navigation2,nav2_map_server/src/map_server/map_server.cpp,MapServer::loadMapResponseFromYaml,utilities,utilities
300,navigation2,nav2_regulated_pure_pursuit_controller/src/regulated_pure_pursuit_controller.cpp,RegulatedPurePursuitController::configure,utilities,utilities
301,navigation2,nav2_regulated_pure_pursuit_controller/src/regulated_pure_pursuit_controller.cpp,RegulatedPurePursuitController::getLookAheadDistance,utilities,utilities
302,navigation2,nav2_regulated_pure_pursuit_controller/src/regulated_pure_pursuit_controller.cpp,RegulatedPurePursuitController::shouldRotateToPath,utilities,utilities
303,navigation2,nav2_regulated_pure_pursuit_controller/src/regulated_pure_pursuit_controller.cpp,RegulatedPurePursuitController::rotateToHeading,utilities,utilities
304,navigation2,nav2_regulated_pure_pursuit_controller/src/regulated_pure_pursuit_controller.cpp,RegulatedPurePursuitController::circleSegmentIntersection,utilities,utilities
305,navigation2,nav2_regulated_pure_pursuit_controller/src/regulated_pure_pursuit_controller.cpp,RegulatedPurePursuitController::getLookAheadPoint,utilities,utilities
306,navigation2,nav2_regulated_pure_pursuit_controller/src/regulated_pure_pursuit_controller.cpp,RegulatedPurePursuitController::inCollision,utilities,utilities
307,navigation2,nav2_regulated_pure_pursuit_controller/src/regulated_pure_pursuit_controller.cpp,RegulatedPurePursuitController::costAtPose,utilities,utilities
308,navigation2,nav2_regulated_pure_pursuit_controller/src/regulated_pure_pursuit_controller.cpp,RegulatedPurePursuitController::approachVelocityScalingFactor,utilities,utilities
309,navigation2,nav2_regulated_pure_pursuit_controller/src/regulated_pure_pursuit_controller.cpp,RegulatedPurePursuitController::applyApproachVelocityScaling,utilities,utilities
310,navigation2,nav2_regulated_pure_pursuit_controller/src/regulated_pure_pursuit_controller.cpp,RegulatedPurePursuitController::findVelocitySignChange,utilities,utilities
311,navigation2,nav2_regulated_pure_pursuit_controller/src/regulated_pure_pursuit_controller.cpp,RegulatedPurePursuitController::transformPose,utilities,utilities
312,navigation2,nav2_rotation_shim_controller/src/nav2_rotation_shim_controller.cpp,RotationShimController::computeVelocityCommands,utilities,utilities
313,navigation2,nav2_rotation_shim_controller/src/nav2_rotation_shim_controller.cpp,RotationShimController::getSampledPathPt,utilities,utilities
314,navigation2,nav2_rotation_shim_controller/src/nav2_rotation_shim_controller.cpp,RotationShimController::computeRotateToHeadingCommand,utilities,utilities
315,navigation2,nav2_rotation_shim_controller/src/nav2_rotation_shim_controller.cpp,RotationShimController::isCollisionFree,utilities,utilities
316,navigation2,nav2_route/include/nav2_route/corner_smoothing.hpp,CornerArc,utilities,utilities
317,navigation2,nav2_route/include/nav2_route/corner_smoothing.hpp,getAngleBetweenEdges,utilities,utilities
318,navigation2,nav2_route/include/nav2_route/corner_smoothing.hpp,toMsg,utilities,utilities
319,navigation2,nav2_route/include/nav2_route/corner_smoothing.hpp,findClosestPoint,utilities,utilities
320,navigation2,nav2_route/src/goal_intent_extractor.cpp,GoalIntentExtractor::transformPose,utilities,utilities
321,navigation2,nav2_route/src/graph_loader.cpp,GraphLoader::transformGraph,utilities,utilities
322,navigation2,nav2_route/src/node_spatial_tree.cpp,NodeSpatialTree::findNearestGraphNodesToPose,utilities,utilities
323,navigation2,nav2_route/src/path_converter.cpp,PathConverter::interpolateEdge,utilities,utilities
324,navigation2,nav2_route/src/route_planner.cpp,RoutePlanner::findRoute,utilities,utilities
325,navigation2,nav2_route/src/route_planner.cpp,RoutePlanner::findShortestGraphTraversal,utilities,utilities
326,navigation2,nav2_route/src/route_server.cpp,RouteServer::on_configure,utilities,utilities
327,navigation2,nav2_route/src/route_server.cpp,RouteServer::on_activate,utilities,utilities
328,navigation2,nav2_route/src/route_server.cpp,RouteServer::findRoute,utilities,utilities
329,navigation2,nav2_route/src/plugins/edge_cost_functions/costmap_scorer.cpp,CostmapScorer::configure,utilities,utilities
330,navigation2,nav2_route/src/plugins/edge_cost_functions/costmap_scorer.cpp,CostmapScorer::score,utilities,utilities
331,navigation2,nav2_route/src/plugins/edge_cost_functions/distance_scorer.cpp,DistanceScorer::score,utilities,utilities
332,navigation2,nav2_route/src/plugins/edge_cost_functions/dynamic_edges_scorer.cpp,DynamicEdgesScorer::closedEdgesCb,callback_function,callback_function
333,navigation2,nav2_route/src/plugins/edge_cost_functions/goal_orientation_scorer.cpp,GoalOrientationScorer::score,utilities,utilities
334,navigation2,nav2_route/src/plugins/edge_cost_functions/penalty_scorer.cpp,PenaltyScorer::score,utilities,utilities
335,navigation2,nav2_route/src/plugins/edge_cost_functions/semantic_scorer.cpp,SemanticScorer::score,utilities,utilities
336,navigation2,nav2_route/src/plugins/edge_cost_functions/start_pose_orientation_scorer.cpp,StartPoseOrientationScorer::score,utilities,utilities
337,navigation2,nav2_route/src/plugins/edge_cost_functions/time_scorer.cpp,TimeScorer::score,utilities,utilities
338,navigation2,nav2_route/src/plugins/graph_file_loaders/geojson_graph_file_loader.cpp,GeoJsonGraphFileLoader::loadGraphFromFile,utilities,utilities
339,navigation2,nav2_route/src/plugins/graph_file_loaders/geojson_graph_file_loader.cpp,GeoJsonGraphFileLoader::addEdgesToGraph,utilities,utilities
340,navigation2,nav2_route/src/plugins/graph_file_loaders/geojson_graph_file_loader.cpp,GeoJsonGraphFileLoader::convertCoordinatesFromJson,utilities,utilities
341,navigation2,nav2_route/src/plugins/graph_file_loaders/geojson_graph_file_loader.cpp,GeoJsonGraphFileLoader::convertOperationFromJson,utilities,utilities
342,navigation2,nav2_route/src/plugins/graph_file_loaders/geojson_graph_file_loader.cpp,GeoJsonGraphFileLoader::convertOperationsFromJson,utilities,utilities
343,navigation2,nav2_route/src/plugins/graph_file_loaders/geojson_graph_file_loader.cpp,GeoJsonGraphFileLoader::convertEdgeCostFromJson,utilities,utilities
344,navigation2,nav2_route/src/plugins/graph_file_savers/geojson_graph_file_saver.cpp,GeoJsonGraphFileSaver::saveGraphToFile,utilities,utilities
345,navigation2,nav2_route/src/plugins/graph_file_savers/geojson_graph_file_saver.cpp,GeoJsonGraphFileSaver::loadNodesFromGraph,utilities,utilities
346,navigation2,nav2_route/src/plugins/graph_file_savers/geojson_graph_file_saver.cpp,GeoJsonGraphFileSaver::loadEdgesFromGraph,utilities,utilities
347,navigation2,nav2_route/src/plugins/graph_file_savers/geojson_graph_file_saver.cpp,GeoJsonGraphFileSaver::convertOperationsToJson,utilities,utilities
348,navigation2,nav2_route/src/plugins/route_operations/collision_monitor.cpp,CollisionMonitor::backoutValidEndPoint,utilities,utilities
349,navigation2,nav2_route/src/plugins/route_operations/collision_monitor.cpp,CollisionMonitor::backoutValidEndPoint,utilities,utilities
350,navigation2,nav2_route/src/plugins/route_operations/collision_monitor.cpp,CollisionMonitor::isInCollision,utilities,utilities
351,navigation2,nav2_smac_planner/src/a_star.cpp,AStarAlgorithm<NodeT>::getHeuristicCost,utilities,utilities
352,navigation2,nav2_smac_planner/src/costmap_downsampler.cpp,CostmapDownsampler::downsample,utilities,utilities
353,navigation2,nav2_smac_planner/src/costmap_downsampler.cpp,CostmapDownsampler::setCostOfCell,utilities,utilities
354,navigation2,nav2_smac_planner/src/node_2d.cpp,Node2D::getTraversalCost,utilities,utilities
355,navigation2,nav2_smac_planner/src/node_2d.cpp,Node2D::getHeuristicCost,utilities,utilities
356,navigation2,nav2_smac_planner/src/node_2d.cpp,Node2D::getNeighbors,utilities,utilities
357,navigation2,nav2_smac_planner/src/smac_planner_2d.cpp,SmacPlanner2D::configure,node_init,node_init
358,navigation2,nav2_smoother/include/nav2_smoother/smoother_utils.hpp,findDirectionalPathSegments,utilities,utilities
359,navigation2,nav2_smoother/include/nav2_smoother/smoother_utils.hpp,updateApproximatePathOrientations,utilities,utilities
360,navigation2,nav2_smoother/src/nav2_smoother.cpp,SmootherServer::on_configure,utilities,utilities
361,navigation2,nav2_smoother/src/nav2_smoother.cpp,SmootherServer::smoothPlan,utilities,utilities
362,navigation2,nav2_smoother/src/savitzky_golay_smoother.cpp,SavitzkyGolaySmoother::smooth,utilities,utilities
363,navigation2,nav2_smoother/src/savitzky_golay_smoother.cpp,SavitzkyGolaySmoother::smoothImpl,utilities,utilities
364,navigation2,nav2_smoother/src/simple_smoother.cpp,SimpleSmoother::smooth,utilities,utilities
365,navigation2,nav2_smoother/src/simple_smoother.cpp,SimpleSmoother::smoothImpl,utilities,utilities
366,navigation2,nav2_theta_star_planner/src/theta_star_planner.cpp,ThetaStarPlanner::getPlan,utilities,utilities
367,navigation2,nav2_velocity_smoother/src/velocity_smoother.cpp,VelocitySmoother::findEtaConstraint,utilities,utilities
368,navigation2,nav2_velocity_smoother/src/velocity_smoother.cpp,VelocitySmoother::applyConstraints,utilities,utilities
369,navigation2,nav2_velocity_smoother/src/velocity_smoother.cpp,VelocitySmoother::smootherTimer,utilities,utilities
370,navigation2,nav2_voxel_grid/include/nav2_voxel_grid/voxel_grid.hpp,markVoxelInMap,utilities,utilities
371,navigation2,nav2_voxel_grid/include/nav2_voxel_grid/voxel_grid.hpp,bresenham3D,utilities,utilities
372,navigation2,nav2_waypoint_follower/plugins/photo_at_waypoint.cpp,PhotoAtWaypoint::processAtWaypoint,utilities,utilities
373,navigation2,nav2_waypoint_follower/plugins/photo_at_waypoint.cpp,PhotoAtWaypoint::deepCopyMsg2Mat,utilities,utilities
374,navigation2,nav2_amcl/include/nav2_amcl/angleutils.hpp,angleutils::angle_diff,utilities,utilities
375,navigation2,nav2_amcl/src/amcl_node.cpp,AmclNode::AmclNode,node_init,node_init
376,navigation2,nav2_amcl/src/amcl_node.cpp,AmclNode::on_configure,node_init,node_init
377,navigation2,nav2_amcl/src/amcl_node.cpp,AmclNode::on_activate,node_init,node_init
378,navigation2,nav2_amcl/src/amcl_node.cpp,AmclNode::getOdomPose,utilities,utilities
379,navigation2,nav2_amcl/src/amcl_node.cpp,AmclNode::handleInitialPose,utilities,utilities
380,navigation2,nav2_amcl/src/amcl_node.cpp,AmclNode::addNewScanner,utilities,utilities
381,navigation2,nav2_amcl/src/amcl_node.cpp,AmclNode::shouldUpdateFilter,utilities,utilities
382,navigation2,nav2_amcl/src/amcl_node.cpp,AmclNode::publishParticleCloud,publish_function,publish_function
383,navigation2,nav2_amcl/src/amcl_node.cpp,AmclNode::getMaxWeightHyp,utilities,utilities
384,navigation2,nav2_amcl/src/amcl_node.cpp,AmclNode::publishAmclPose,publish_function,publish_function
385,navigation2,nav2_amcl/src/amcl_node.cpp,AmclNode::calculateMaptoOdomTransform,utilities,utilities
386,navigation2,nav2_amcl/src/amcl_node.cpp,AmclNode::sendMapToOdomTransform,utilities,utilities
387,navigation2,nav2_amcl/src/amcl_node.cpp,AmclNode::handleMapMessage,utilities,utilities
388,navigation2,nav2_amcl/src/amcl_node.cpp,AmclNode::convertMap,utilities,utilities
389,navigation2,nav2_amcl/src/amcl_node.cpp,AmclNode::initPubSub,node_init,node_init
390,navigation2,nav2_amcl/src/amcl_node.cpp,AmclNode::initServices,node_init,node_init
391,navigation2,nav2_controller/src/controller_server.cpp,ControllerServer::on_configure,node_init,node_init
392,navigation2,nav2_controller/src/controller_server.cpp,ControllerServer::publishVelocity,publish_function,publish_function
393,navigation2,nav2_mppi_controller/include/nav2_mppi_controller/motion_models.hpp,predict,utilities,utilities
394,navigation2,nav2_mppi_controller/include/nav2_mppi_controller/motion_models.hpp,applyConstraints,utilities,utilities
395,navigation2,nav2_mppi_controller/include/nav2_mppi_controller/tools/utils.hpp,withinPositionGoalTolerance,utilities,utilities
396,navigation2,nav2_mppi_controller/include/nav2_mppi_controller/tools/utils.hpp,withinPositionGoalTolerance,utilities,utilities
397,navigation2,nav2_mppi_controller/include/nav2_mppi_controller/tools/utils.hpp,findPathFurthestReachedPoint,utilities,utilities
398,navigation2,nav2_mppi_controller/include/nav2_mppi_controller/tools/utils.hpp,findPathTrajectoryInitialPoint,utilities,utilities
399,navigation2,nav2_mppi_controller/include/nav2_mppi_controller/tools/utils.hpp,findPathCosts,utilities,utilities
400,navigation2,nav2_mppi_controller/include/nav2_mppi_controller/tools/utils.hpp,posePointAngle,utilities,utilities
401,navigation2,nav2_mppi_controller/include/nav2_mppi_controller/tools/utils.hpp,savitskyGolayFilter,utilities,utilities
402,navigation2,nav2_mppi_controller/include/nav2_mppi_controller/tools/utils.hpp,findFirstPathInversion,utilities,utilities
403,navigation2,nav2_mppi_controller/src/controller.cpp,MPPIController::computeVelocityCommands,utilities,utilities
404,navigation2,nav2_mppi_controller/src/optimizer.cpp,Optimizer::evalControl,utilities,utilities
405,navigation2,nav2_mppi_controller/src/path_handler.cpp,PathHandler::getGlobalPlanConsideringBoundsInCostmapFrame,utilities,utilities
406,navigation2,nav2_mppi_controller/src/path_handler.cpp,PathHandler::transformToGlobalPlanFrame,utilities,utilities
407,navigation2,nav2_mppi_controller/src/path_handler.cpp,PathHandler::transformPath,utilities,utilities
408,navigation2,nav2_mppi_controller/src/path_handler.cpp,PathHandler::transformPose,utilities,utilities
409,navigation2,nav2_mppi_controller/src/path_handler.cpp,PathHandler::getTransformedGoal,utilities,utilities
410,navigation2,nav2_mppi_controller/src/path_handler.cpp,PathHandler::isWithinInversionTolerances,utilities,utilities
411,navigation2,nav2_mppi_controller/src/critics/constraint_critic.cpp,ConstraintCritic::score,utilities,utilities
412,navigation2,nav2_mppi_controller/src/critics/goal_angle_critic.cpp,GoalAngleCritic::score,utilities,utilities
413,navigation2,nav2_mppi_controller/src/critics/goal_critic.cpp,GoalCritic::score,utilities,utilities
414,navigation2,nav2_mppi_controller/src/critics/obstacles_critic.cpp,ObstaclesCritic::distanceToObstacle,utilities,utilities
415,navigation2,nav2_mppi_controller/src/critics/obstacles_critic.cpp,ObstaclesCritic::costAtPose,utilities,utilities
416,navigation2,nav2_mppi_controller/src/critics/prefer_forward_critic.cpp,PreferForwardCritic::score,utilities,utilities
417,navigation2,nav2_mppi_controller/src/critics/twirling_critic.cpp,TwirlingCritic::score,utilities,utilities
418,ros/diagnostics,diagnostic_remote_logging/include/diagnostic_remote_logging/influx_line_protocol.hpp,toInfluxTimestamp,utilities,utilities
419,ros/diagnostics,diagnostic_remote_logging/include/diagnostic_remote_logging/influx_line_protocol.hpp,formatValues,utilities,utilities
420,ros/diagnostics,diagnostic_remote_logging/include/diagnostic_remote_logging/influx_line_protocol.hpp,splitHardwareID,utilities,utilities
421,ros/diagnostics,diagnostic_remote_logging/include/diagnostic_remote_logging/influx_line_protocol.hpp,statusToInfluxLineProtocol,utilities,utilities
422,ros/diagnostics,diagnostic_remote_logging/include/diagnostic_remote_logging/influx_line_protocol.hpp,diagnosticArrayToInfluxLineProtocol,utilities,utilities
423,ros/diagnostics,diagnostic_updater/include/diagnostic_updater/diagnostic_updater.hpp,publish,publish_function,publish_function
424,ros/diagnostics,src/aggregator.cpp,Aggregator::diagCallback,callback_function,callback_function
425,ros/diagnostics,src/aggregator.cpp,Aggregator::publishData,publish_function,publish_function
426,ros/diagnostics,src/status_item.cpp,StatusItem::toStatusMsg,utilities,utilities
427,moveit2,moveit_core/utils/robot_model_test_utils.cpp,loadSRDFModel,utilities,utilities
428,moveit2,moveit_core/utils/robot_model_test_utils.cpp,RobotModelBuilder::addCollisionBox,utilities,utilities
429,moveit2,moveit_core/trajectory_processing/iterative_spline_parameterization.cpp,fit_cubic_spline,utilities,utilities
430,moveit2,moveit_core/trajectory_processing/iterative_spline_parameterization.cpp,adjust_two_positions,utilities,utilities
431,moveit2,moveit_core/trajectory_processing/iterative_spline_parameterization.cpp,global_adjustment_factor,utilities,utilities
432,moveit2,moveit_core/trajectory_processing/iterative_spline_parameterization.cpp,globalAdjustment,utilities,utilities
433,moveit2,moveit_core/trajectory_processing/iterative_time_parameterization.cpp,applyVelocityConstraints,utilities,utilities
434,moveit2,moveit_core/trajectory_processing/iterative_time_parameterization.cpp,IterativeParabolicTimeParameterization::findT1,utilities,utilities
435,moveit2,moveit_core/trajectory_processing/iterative_time_parameterization.cpp,IterativeParabolicTimeParameterization::findT2,utilities,utilities
436,moveit2,moveit_core/trajectory_processing/iterative_time_parameterization.cpp,IterativeParabolicTimeParameterization::computeTimeStamps,utilities,utilities
437,moveit2,moveit_core/trajectory_processing/ruckig_traj_smoothing.cpp,RuckigSmoothing::applySmoothing,utilities,utilities
438,moveit2,moveit_core/trajectory_processing/ruckig_traj_smoothing.cpp,RuckigSmoothing::runRuckig,utilities,utilities
439,moveit2,moveit_core/trajectory_processing/time_optimal_trajectory_generation.cpp,CircularPathSegment,utilities,utilities
440,moveit2,moveit_core/trajectory_processing/time_optimal_trajectory_generation.cpp,getSwitchingPoints,utilities,utilities
441,moveit2,moveit_core/trajectory_processing/time_optimal_trajectory_generation.cpp,Path::Path,utilities,utilities
442,moveit2,moveit_core/trajectory_processing/time_optimal_trajectory_generation.cpp,Path::getNextSwitchingPoint,utilities,utilities
443,moveit2,moveit_core/trajectory_processing/time_optimal_trajectory_generation.cpp,Trajectory::getNextSwitchingPoint,utilities,utilities
444,moveit2,moveit_core/trajectory_processing/time_optimal_trajectory_generation.cpp,Trajectory::getNextAccelerationSwitchingPoint,utilities,utilities
445,moveit2,moveit_core/trajectory_processing/time_optimal_trajectory_generation.cpp,Trajectory::getNextVelocitySwitchingPoint,utilities,utilities
446,moveit2,moveit_core/trajectory_processing/time_optimal_trajectory_generation.cpp,Trajectory::getMinMaxPathAcceleration,utilities,utilities
447,moveit2,moveit_core/trajectory_processing/time_optimal_trajectory_generation.cpp,Trajectory::getMinMaxPhaseSlope,utilities,utilities
448,moveit2,moveit_core/trajectory_processing/time_optimal_trajectory_generation.cpp,Trajectory::getVelocityMaxPathVelocity,utilities,utilities
449,moveit2,moveit_core/trajectory_processing/time_optimal_trajectory_generation.cpp,Trajectory::getVelocityMaxPathVelocityDeriv,utilities,utilities
450,moveit2,moveit_core/trajectory_processing/time_optimal_trajectory_generation.cpp,Trajectory::getPosition,utilities,utilities
451,moveit2,moveit_core/trajectory_processing/time_optimal_trajectory_generation.cpp,Trajectory::getVelocity,utilities,utilities
452,moveit2,moveit_core/trajectory_processing/time_optimal_trajectory_generation.cpp,Trajectory::getAcceleration,utilities,utilities
453,moveit2,moveit_core/robot_trajectory/src/robot_trajectory.cpp,RobotTrajectory::getAverageSegmentDuration,utilities,utilities
454,moveit2,moveit_core/robot_trajectory/src/robot_trajectory.cpp,RobotTrajectory::append,utilities,utilities
455,moveit2,moveit_core/robot_trajectory/src/robot_trajectory.cpp,RobotTrajectory::reverse,utilities,utilities
456,moveit2,moveit_core/robot_trajectory/src/robot_trajectory.cpp,RobotTrajectory::unwind,utilities,utilities
457,moveit2,moveit_core/robot_trajectory/src/robot_trajectory.cpp,RobotTrajectory::getWayPointDurationFromStart,utilities,utilities
458,moveit2,moveit_core/robot_trajectory/src/robot_trajectory.cpp,path_length,utilities,utilities
459,moveit2,moveit_core/robot_trajectory/src/robot_trajectory.cpp,smoothness,utilities,utilities
460,moveit2,moveit_core/robot_trajectory/src/robot_trajectory.cpp,waypoint_density,utilities,utilities
461,moveit2,moveit_core/robot_state/src/attached_body.cpp,AttachedBody::computeTransform,utilities,utilities
462,moveit2,moveit_core/robot_state/src/cartesian_interpolator.cpp,CartesianInterpolator::checkJointSpaceJump,utilities,utilities
463,moveit2,moveit_core/robot_state/src/cartesian_interpolator.cpp,CartesianInterpolator::checkRelativeJointSpaceJump,utilities,utilities
464,moveit2,moveit_core/robot_state/src/cartesian_interpolator.cpp,CartesianInterpolator::checkAbsoluteJointSpaceJump,utilities,utilities
465,moveit2,moveit_core/robot_state/src/conversions.cpp,_robotStateToMultiDOFJointState,utilities,utilities
466,moveit2,moveit_core/robot_state/src/conversions.cpp,robotStateToJointStateMsg,utilities,utilities
467,moveit2,moveit_core/robot_state/src/robot_state.cpp,updateCollisionBodyTransforms,utilities,utilities
468,moveit2,moveit_core/robot_state/src/robot_state.cpp,updateLinkTransforms,utilities,utilities
469,moveit2,moveit_core/robot_state/src/robot_state.cpp,updateLinkTransformsInternal,utilities,utilities
470,moveit2,moveit_core/robot_state/src/robot_state.cpp,RobotState::distance,utilities,utilities
471,moveit2,moveit_core/robot_state/src/robot_state.cpp,RobotState::interpolate,utilities,utilities
472,moveit2,moveit_core/robot_state/src/robot_state.cpp,RobotState::getFrameInfo,utilities,utilities
473,moveit2,moveit_core/robot_state/src/robot_state.cpp,RobotState::computeAABB,utilities,utilities
474,moveit2,moveit_core/robot_model/src/aabb.cpp,moveit::core::AABB::extendWithTransformedBox,utilities,utilities
475,moveit2,moveit_core/robot_model/src/floating_joint_model.cpp,FloatingJointModel::interpolate,utilities,utilities
476,moveit2,moveit_core/robot_model/src/floating_joint_model.cpp,FloatingJointModel::computeTransform,utilities,utilities
477,moveit2,moveit_core/robot_model/src/joint_model.cpp,JointModel::computeVariableBoundsMsg,utilities,utilities
478,moveit2,moveit_core/robot_model/src/joint_model_group.cpp,JointModelGroup::computeIKIndexBijection,utilities,utilities
479,moveit2,moveit_core/robot_model/src/robot_model.cpp,computeDescendantsHelper,utilities,utilities
480,moveit2,moveit_core/robot_model/src/robot_model.cpp,computeCommonRootsHelper,utilities,utilities
481,moveit2,moveit_core/robot_model/src/robot_model.cpp,RobotModel::computeCommonRoots,utilities,utilities
482,moveit2,moveit_core/robot_model/src/robot_model.cpp,RobotModel::computeDescendants,utilities,utilities
483,moveit2,moveit_core/robot_model/src/robot_model.cpp,RobotModel::constructShape,utilities,utilities
484,moveit2,moveit_core/robot_model/src/robot_model.cpp,RobotModel::computeFixedTransforms,utilities,utilities
485,moveit2,moveit_core/planning_scene/src/planning_scene.cpp,PlanningScene::poseMsgToEigen,utilities,utilities
486,moveit2,moveit_core/kinematic_constraint/src/kinematic_constraint.cpp,CalcEulerAngles,utilities,utilities
487,moveit2,moveit_core/kinematic_constraint/src/kinematic_constraint.cpp,JointConstraint::decide,utilities,utilities
488,moveit2,moveit_core/kinematic_constraint/src/kinematic_constraint.cpp,PositionConstraint::decide,utilities,utilities
489,moveit2,moveit_core/kinematic_constraint/src/kinematic_constraint.cpp,OrientationConstraint::decide,utilities,utilities
490,moveit2,moveit_core/distance_field/src/find_internal_points.cpp,distance_field::findInternalPointsConvex,utilities,utilities
491,moveit2,moveit_core/constraint_sampler/src/default_constraint_samplers.cpp,JointConstraintSampler::sample,utilities,utilities
492,moveit2,moveit_core/constraint_sampler/src/default_constraint_samplers.cpp,IKConstraintSampler::loadIKSolver,utilities,utilities
493,moveit2,moveit_core/constraint_sampler/src/default_constraint_samplers.cpp,IKConstraintSampler::callIK,utilities,utilities
494,moveit2,moveit_core/constraint_sampler/src/union_constraint_sampler.cpp,UnionConstraintSampler::sample,utilities,utilities
495,moveit2,moveit_core/constraint_sampler/src/collision_distance_field_types.cpp,determineCollisionSpheres,utilities,utilities
496,moveit2,moveit_core/constraint_sampler/src/collision_distance_field_types.cpp,getCollisionSphereCollision,utilities,utilities
497,moveit2,moveit_core/constraint_sampler/src/collision_distance_field_types.cpp,getCollisionSphereCollision,utilities,utilities
498,moveit2,moveit_core/collision_detection_bullet/src/bullet_integration/ros_bullet_utils.cpp,urdfPose2Eigen,utilities,utilities
499,moveit2,moveit_core/collision_detection/src/world.cpp,World::moveShapeInObject,utilities,utilities
500,moveit2,moveit_core/collision_detection/src/world.cpp,World::knowsTransform,utilities,utilities
501,moveit2,moveit_core/collision_detection_bullet/include/moveit/collision_detection_bullet/bullet_integration/bullet_utils.h,getAverageSupport,utilities,utilities
502,moveit2,moveit_core/collision_detection_bullet/include/moveit/collision_detection_bullet/bullet_integration/bullet_utils.h,CollisionEnvBullet::addToManager,utilities,utilities
503,moveit2,moveit_core/constraint_samplers/src/default_constraint_samplers.cpp,JointConstraintSampler::sample,utilities,utilities
504,moveit2,moveit_core/constraint_samplers/src/default_constraint_samplers.cpp,IKConstraintSampler::callIK,callback_function,callback_function
505,moveit2,moveit_core/distance_field/src/distance_field.cpp,DistanceField::getDistanceGradient,utilities,utilities
506,moveit2,moveit_core/distance_field/src/distance_field.cpp,DistanceField::getShapePoints,utilities,utilities
507,moveit2,moveit_ros/planning/planning_scene_monitor/src/current_state_monitor.cpp,CurrentStateMonitor::transformCallback,callback_function,callback_function
508,moveit2,moveit_ros/moveit_servo/src/enforce_limits.cpp,getVelocityScalingFactor,utilities,utilities
509,moveit2,moveit_ros/moveit_servo/src/enforce_limits.cpp,enforceVelocityLimits,utilities,utilities
510,moveit2,moveit_ros/moveit_servo/src/pose_tracking.cpp,PoseTracking::targetPoseCallback,callback_function,callback_function
511,moveit2,moveit_ros/moveit_servo/src/pose_tracking.cpp,PoseTracking::calculateTwistCommand,callback_function,callback_function
512,moveit2,moveit_ros/moveit_servo/src/servo_calcs.cpp,ServoCalcs::ServoCalcs,node_init,node_init
513,moveit2,moveit_ros/moveit_servo/src/servo_calcs.cpp,ServoCalcs::composeJointTrajMessage,utilities,utilities
514,moveit2,moveit_ros/moveit_servo/src/servo_calcs.cpp,ServoCalcs::twistStampedCB,callback_function,callback_function
515,moveit2,moveit_ros/moveit_servo/src/servo_calcs.cpp,ServoCalcs::jointCmdCB,callback_function,callback_function
516,moveit2,moveit_ros/moveit_servo/src/servo_node.cpp,ServoNode::ServoNode,node_init,node_init
517,moveit2,moveit_planners/pilz_industrial_motion_planner/src/path_circle_generator.cpp,PathCircleGenerator::circleFromCenter,utilities,utilities
518,moveit2,moveit_planners/pilz_industrial_motion_planner/src/path_circle_generator.cpp,PathCircleGenerator::circleFromInterim,utilities,utilities
519,moveit2,moveit_planners/pilz_industrial_motion_planner/src/trajectory_blender_transition_window.cpp,pilz_industrial_motion_planner::TrajectoryBlenderTransitionWindow::searchIntersectionPoints,utilities,utilities
520,moveit2,moveit_planners/pilz_industrial_motion_planner/src/trajectory_blender_transition_window.cpp,pilz_industrial_motion_planner::TrajectoryBlenderTransitionWindow::determineTrajectoryAlignment,utilities,utilities
521,moveit2,moveit_planners/pilz_industrial_motion_planner/src/trajectory_functions.cpp,pilz_industrial_motion_planner::computePoseIK,utilities,utilities
522,moveit2,moveit_planners/pilz_industrial_motion_planner/src/trajectory_functions.cpp,pilz_industrial_motion_planner::computeLinkFK,utilities,utilities
523,moveit2,moveit_planners/pilz_industrial_motion_planner/src/trajectory_functions.cpp,pilz_industrial_motion_planner::verifySampleJointLimits,utilities,utilities
524,moveit2,moveit_planners/pilz_industrial_motion_planner/src/trajectory_functions.cpp,pilz_industrial_motion_planner::isRobotStateStationary,utilities,utilities
525,moveit2,moveit_planners/pilz_industrial_motion_planner/src/trajectory_functions.cpp,pilz_industrial_motion_planner::isStateColliding,utilities,utilities
526,moveit2,moveit_planners/pilz_industrial_motion_planner/src/trajectory_functions.cpp,getConstraintPose,utilities,utilities
527,moveit2,moveit_planners/pilz_industrial_motion_planner/src/trajectory_generator.cpp,TrajectoryGeneratorCIRC::plan,utilities,utilities
528,moveit2,moveit_planners/pilz_industrial_motion_planner/src/trajectory_generator_lin.cpp,TrajectoryGeneratorLIN::plan,utilities,utilities
