11,autoware,src/universe/autoware.universe/control/autoware_autonomous_emergency_braking,src/node.cpp,AEB::AEB,node_init
12,autoware,src/universe/autoware.universe/control/autoware_autonomous_emergency_braking,src/node.cpp,AEB::onParameter,callback_function
33,autoware,src/universe/autoware.universe/control/autoware_trajectory_follower_node,src/controller_node.cpp,Controller::Controller,node_init
34,autoware,src/universe/autoware.universe/control/autoware_trajectory_follower_node,src/controller_node.cpp,Controller::callbackTimerControl,callback_function
35,autoware,src/universe/autoware.universe/control/autoware_trajectory_follower_node,src/controller_node.cpp,Controller::publishDebugMarker,publish_function
36,autoware,src/universe/autoware.universe/control/autoware_vehicle_cmd_gate,src/vehicle_cmd_gate.cpp,VehicleCmdGate::VehicleCmdGate,node_init
37,autoware,src/universe/autoware.universe/control/autoware_vehicle_cmd_gate,src/vehicle_cmd_gate.cpp,VehicleCmdGate::publishStatus,publish_function
39,autoware,src/universe/autoware.universe/control/autoware_vehicle_cmd_gate,src/vehicle_cmd_gate.cpp,VehicleCmdGate::publishMarkers,publish_function
40,autoware,src/universe/autoware.universe/evaluator/autoware_control_evaluator,src/control_evaluator_node.cpp,ControlEvaluatorNode::ControlEvaluatorNode,node_init
42,autoware,src/universe/autoware.universe/evaluator/autoware_kinematic_evaluator,src/kinematic_evaluator_node.cpp,KinematicEvaluatorNode::KinematicEvaluatorNode,node_init
43,autoware,src/universe/autoware.universe/evaluator/autoware_kinematic_evaluator,src/kinematic_evaluator_node.cpp,KinematicEvaluatorNode::onOdom,callback_function
44,autoware,src/universe/autoware.universe/evaluator/autoware_localization_evaluator,src/localization_evaluator_node.cpp,LocalizationEvaluatorNode::syncCallback,callback_function
49,autoware,src/universe/autoware.universe/evaluator/autoware_perception_online_evaluator,src/perception_online_evaluator_node.cpp,PerceptionOnlineEvaluatorNode::PerceptionOnlineEvaluatorNode,node_init
51,autoware,src/universe/autoware.universe/evaluator/autoware_planning_evaluator,src/planning_evaluator_node.cpp,PlanningEvaluatorNode::PlanningEvaluatorNode,node_init
53,autoware,src/universe/autoware.universe/evaluator/autoware_planning_evaluator,src/planning_evaluator_node.cpp,PlanningEvaluatorNode::onTimer,callback_function
54,autoware,src/universe/autoware.universe/evaluator/autoware_planning_evaluator,src/planning_evaluator_node.cpp,PlanningEvaluatorNode::onTrajectory,callback_function
55,autoware,src/universe/autoware.universe/evaluator/autoware_planning_evaluator,src/planning_evaluator_node.cpp,PlanningEvaluatorNode::onModifiedGoal,callback_function
63,autoware,src/universe/autoware.universe/localization/autoware_gyro_odometer,src/gyro_odometer_core.cpp,GyroOdometerNode::GyroOdometerNode,node_init
64,autoware,src/universe/autoware.universe/localization/autoware_gyro_odometer,src/gyro_odometer_core.cpp,GyroOdometerNode::callback_vehicle_twist,callback_function
65,autoware,src/universe/autoware.universe/localization/autoware_gyro_odometer,src/gyro_odometer_core.cpp,GyroOdometerNode::callback_imu,callback_function
66,autoware,src/universe/autoware.universe/localization/autoware_landmark_based_localizer/autoware_ar_tag_based_localizer,src/ar_tag_based_localizer.cpp,ArTagBasedLocalizer::ArTagBasedLocalizer,node_init
70,autoware,src/universe/autoware.universe/localization/autoware_pose_instability_detector,src/pose_instability_detector.cpp,PoseInstabilityDetector::PoseInstabilityDetector,node_init
71,autoware,src/universe/autoware.universe/map/autoware_map_loader,src/pointcloud_map_loader/differential_map_loader_module.cpp,DifferentialMapLoaderModule::DifferentialMapLoaderModule,node_init
72,autoware,src/universe/autoware.universe/map/autoware_map_loader,src/pointcloud_map_loader/differential_map_loader_module.cpp,DifferentialMapLoaderModule::on_service_get_differential_point_cloud_map,callback_function
76,autoware,src/universe/autoware.universe/perception/autoware_compare_map_segmentation,distance_based_compare_map_filter/node.cpp,DistanceBasedStaticMapLoader::onMapCallback,callback_function
78,autoware,src/universe/autoware.universe/perception/autoware_detected_object_validation,src/lanelet_filter/lanelet_filter.cpp,ObjectLaneletFilterNode::ObjectLaneletFilterNode,node_init
79,autoware,src/universe/autoware.universe/perception/autoware_detected_object_validation,src/position_filter/position_filter.cpp,ObjectPositionFilterNode::objectCallback,callback_function
87,autoware,src/universe/autoware.universe/evaluator/autoware_perception_online_evaluator,src/perception_online_evaluator_node.cpp,PerceptionOnlineEvaluatorNode::PerceptionOnlineEvaluatorNode,node_init
88,autoware,src/universe/autoware.universe/evaluator/autoware_perception_online_evaluator,src/perception_online_evaluator_node.cpp,PerceptionOnlineEvaluatorNode::publishMetrics,publish_function
90,autoware,src/universe/autoware.universe/evaluator/autoware_planning_evaluator,src/planning_evaluator_node.cpp,PlanningEvaluatorNode::onTimer,callback_function
91,autoware,src/universe/autoware.universe/evaluator/autoware_planning_evaluator,src/planning_evaluator_node.cpp,PlanningEvaluatorNode::onTrajectory,callback_function
92,autoware,src/universe/autoware.universe/evaluator/autoware_planning_evaluator,src/planning_evaluator_node.cpp,PlanningEvaluatorNode::onModifiedGoal,callback_function
93,autoware,src/universe/autoware.universe/evaluator/autoware_planning_evaluator,src/planning_evaluator_node.cpp,PlanningEvaluatorNode::onOdometry,callback_function
94,autoware,src/universe/autoware.universe/evaluator/autoware_scenario_simulator_v2_adapter,src/converter_node.cpp,MetricConverter::onMetrics,callback_function
97,autoware,src/universe/autoware.universe/localization/autoware_gyro_odometer,src/gyro_odometer_core.cpp,GyroOdometerNode::callback_vehicle_twist,callback_function
100,autoware,src/universe/autoware.universe/perception/autoware_compare_map_segmentation,distance_based_compare_map_filter/src/node.cpp,DistanceBasedStaticMapLoader::onMapCallback,callback_function
101,autoware,src/universe/autoware.universe/perception/autoware_compare_map_segmentation,distance_based_compare_map_filter/src/node.cpp,DistanceBasedCompareMapFilterComponent::DistanceBasedCompareMapFilterComponent,node_init
102,autoware,src/universe/autoware.universe/perception/autoware_compare_map_segmentation,voxel_based_approximate_compare_map_filter/src/node.cpp,VoxelBasedApproximateCompareMapFilterComponent::VoxelBasedApproximateCompareMapFilterComponent,node_init
103,autoware,src/universe/autoware.universe/perception/autoware_compare_map_segmentation,voxel_based_compare_map_filter/src/node.cpp,VoxelBasedCompareMapFilterComponent::VoxelBasedCompareMapFilterComponent,node_init
104,autoware,src/universe/autoware.universe/perception/autoware_compare_map_segmentation,voxel_distance_based_compare_map_filter/src/node.cpp,VoxelDistanceBasedStaticMapLoader::onMapCallback,callback_function
105,autoware,src/universe/autoware.universe/perception/autoware_compare_map_segmentation,voxel_distance_based_compare_map_filter/src/node.cpp,VoxelDistanceBasedCompareMapFilterComponent::VoxelDistanceBasedCompareMapFilterComponent,node_init
106,autoware,src/universe/autoware.universe/perception/autoware_compare_map_segmentation,voxel_grid_map_loader/src/voxel_grid_map_loader.cpp,VoxelGridMapLoader::VoxelGridMapLoader,node_init
107,autoware,src/universe/autoware.universe/perception/autoware_compare_map_segmentation,voxel_grid_map_loader/src/voxel_grid_map_loader.cpp,VoxelGridMapLoader::publish_downsampled_map,publish_function
108,autoware,src/universe/autoware.universe/perception/autoware_compare_map_segmentation,voxel_grid_map_loader/src/voxel_grid_map_loader.cpp,VoxelGridStaticMapLoader::VoxelGridStaticMapLoader,node_init
109,autoware,src/universe/autoware.universe/perception/autoware_compare_map_segmentation,voxel_grid_map_loader/src/voxel_grid_map_loader.cpp,VoxelGridStaticMapLoader::onMapCallback,callback_function
110,autoware,src/universe/autoware.universe/perception/autoware_detected_object_validation,src/lanelet_filter/lanelet_filter.cpp,ObjectLaneletFilterNode::ObjectLaneletFilterNode,node_init
111,autoware,src/universe/autoware.universe/perception/autoware_detected_object_validation,src/lanelet_filter/lanelet_filter.cpp,ObjectLaneletFilterNode::mapCallback,callback_function
112,autoware,src/universe/autoware.universe/perception/autoware_detected_object_validation,src/lanelet_filter/lanelet_filter.cpp,ObjectLaneletFilterNode::objectCallback,callback_function
115,autoware,src/universe/autoware.universe/perception/autoware_detected_object_validation,src/position_filter/position_filter.cpp,ObjectPositionFilterNode::ObjectPositionFilterNode,node_init
116,autoware,src/universe/autoware.universe/perception/autoware_detected_object_validation,src/position_filter/position_filter.cpp,ObjectPositionFilterNode::objectCallback,callback_function
122,autoware,src/universe/autoware.universe/perception/autoware_ground_segmentation,scan_ground_filter/node.cpp,ScanGroundFilterComponent::ScanGroundFilterComponent,node_init
125,autoware,src/universe/autoware.universe/perception/autoware_radar_crossing_objects_noise_filter,src/radar_crossing_objects_noise_filter_node.cpp,RadarCrossingObjectsNoiseFilterNode::RadarCrossingObjectsNoiseFilterNode,node_init
128,autoware,src/universe/autoware.universe/perception/autoware_raindrop_cluster_filter,src/low_intensity_cluster_filter_node.cpp,LowIntensityClusterFilter::LowIntensityClusterFilter,node_init
130,autoware,src/universe/autoware.universe/perception/autoware_traffic_light_arbiter,src/traffic_light_arbiter.cpp,TrafficLightArbiter::TrafficLightArbiter,node_init
131,autoware,src/universe/autoware.universe/perception/autoware_traffic_light_arbiter,src/traffic_light_arbiter.cpp,TrafficLightArbiter::onMap,callback_function
134,autoware,src/universe/autoware.universe/planning/autoware_costmap_generator,src/costmap_generator.cpp,CostmapGenerator::CostmapGenerator,node_init
137,autoware,src/universe/autoware.universe/planning/autoware_freespace_planner,src/autoware_freespace_planner/freespace_planner_node.cpp,FreespacePlannerNode::FreespacePlannerNode,node_init
143,autoware,src/universe/autoware.universe/planning/autoware_obstacle_cruise_planner,src/node.cpp,ObstacleCruisePlannerNode::ObstacleCruisePlannerNode,node_init
144,autoware,src/universe/autoware.universe/planning/autoware_obstacle_cruise_planner,src/planner_interface.cpp,PlannerInterface::publishMetrics,publish_function
145,autoware,src/universe/autoware.universe/planning/autoware_obstacle_stop_planner,src/adaptive_cruise_control.cpp,AdaptiveCruiseController::AdaptiveCruiseController,node_init
146,autoware,src/universe/autoware.universe/planning/autoware_obstacle_stop_planner,src/node.cpp,ObstacleStopPlannerNode::ObstacleStopPlannerNode,node_init
147,autoware,src/universe/autoware.universe/planning/autoware_obstacle_stop_planner,src/node.cpp,ObstacleStopPlannerNode::onPointCloud,callback_function
152,autoware,src/universe/autoware.universe/planning/autoware_path_optimizer,src/node.cpp,PathOptimizer::PathOptimizer,node_init
154,autoware,src/universe/autoware.universe/planning/autoware_path_smoother,src/elastic_band_smoother.cpp,ElasticBandSmoother::ElasticBandSmoother,node_init
155,autoware,src/universe/autoware.universe/planning/autoware_planning_validator,src/planning_validator.cpp,PlanningValidator::PlanningValidator,node_init
156,autoware,src/universe/autoware.universe/planning/autoware_planning_validator,src/planning_validator.cpp,PlanningValidator::onTrajectory,callback_function
157,autoware,src/universe/autoware.universe/planning/autoware_planning_validator,src/planning_validator.cpp,PlanningValidator::publishProcessingTime,publish_function
158,autoware,src/universe/autoware.universe/planning/autoware_planning_validator,src/planning_validator.cpp,PlanningValidator::publishDebugInfo,publish_function
162,autoware,src/universe/autoware.universe/planning/autoware_rtc_interface,src/rtc_interface.cpp,RTCInterface::RTCInterface,node_init
165,autoware,src/universe/autoware.universe/planning/autoware_scenario_selector,src/node.cpp,ScenarioSelectorNode::onOdom,callback_function
166,autoware,src/universe/autoware.universe/planning/autoware_scenario_selector,src/node.cpp,ScenarioSelectorNode::onTimer,callback_function
167,autoware,src/universe/autoware.universe/planning/autoware_scenario_selector,src/node.cpp,ScenarioSelectorNode::ScenarioSelectorNode,node_init
168,autoware,src/universe/autoware.universe/planning/autoware_velocity_smoother,src/node.cpp,VelocitySmootherNode::VelocitySmootherNode,node_init
169,autoware,src/universe/autoware.universe/planning/autoware_velocity_smoother,src/node.cpp,VelocitySmootherNode::publishTrajectory,publish_function
170,autoware,src/universe/autoware.universe/planning/autoware_velocity_smoother,src/node.cpp,VelocitySmootherNode::publishStopDistance,publish_function
171,autoware,src/universe/autoware.universe/planning/autoware_velocity_smoother,src/node.cpp,VelocitySmootherNode::publishClosestVelocity,publish_function
172,autoware,src/universe/autoware.universe/planning/autoware_velocity_smoother,src/node.cpp,VelocitySmootherNode::publishClosestState,publish_function
173,autoware,src/universe/autoware.universe/planning/autoware_velocity_smoother,src/node.cpp,VelocitySmootherNode::publishStopWatchTime,publish_function
185,autoware,src/universe/autoware.universe/sensing/autoware_radar_tracks_noise_filter,src/radar_tracks_noise_filter_node.cpp,RadarTrackCrossingNoiseFilterNode::RadarTrackCrossingNoiseFilterNode,node_init
188,autoware,src/universe/autoware.universe/vehicle/autoware_external_cmd_converter,src/node.cpp,ExternalCmdConverterNode::ExternalCmdConverterNode,node_init
218,laser_filters,src/scan_to_scan_filter_chain.cpp,ScanToScanFilterChain::ScanToScanFilterChain,node_init,node_init
228,navigation2,src/nav2_behaviors/include/nav2_behaviors/timed_behavior.hpp,configure,node_init,node_init
229,navigation2,src/nav2_util/src/odometry_utils.cpp,OdomSmoother::OdomSmoother,node_init,node_init
230,navigation2,src/nav2_util/src/odometry_utils.cpp,OdomSmoother::odomCallback,callback_function,callback_function
240,navigation2,nav2_collision_monitor/src/polygon.cpp,publish,publish_function,publish_function
260,navigation2,nav2_costmap_2d/plugins/costmap_filters/binary_filter.cpp,BinaryFilter::filterInfoCallback,callback_function,callback_function
261,navigation2,nav2_costmap_2d/plugins/costmap_filters/binary_filter.cpp,BinaryFilter::maskCallback,callback_function,callback_function
263,navigation2,nav2_costmap_2d/plugins/costmap_filters/costmap_filter.cpp,CostmapFilter::enableCallback,callback_function,callback_function
265,navigation2,nav2_costmap_2d/plugins/costmap_filters/keepout_filter.cpp,KeepoutFilter::filterInfoCallback,callback_function,callback_function
266,navigation2,nav2_costmap_2d/plugins/costmap_filters/keepout_filter.cpp,KeepoutFilter::maskCallback,callback_function,callback_function
267,navigation2,nav2_costmap_2d/plugins/costmap_filters/speed_filter.cpp,SpeedFilter::filterInfoCallback,callback_function,callback_function
269,navigation2,nav2_costmap_2d/src/clear_costmap_service.cpp,ClearCostmapService::ClearCostmapService,node_init,node_init
270,navigation2,nav2_costmap_2d/src/costmap_2d_publisher.cpp,Costmap2DPublisher::Costmap2DPublisher,node_init,node_init
271,navigation2,nav2_costmap_2d/src/costmap_2d_publisher.cpp,Costmap2DROS::Costmap2DROS,node_init,node_init
272,navigation2,nav2_costmap_2d/src/costmap_2d_publisher.cpp,Costmap2DROS::on_configure,node_init,node_init
273,navigation2,nav2_costmap_2d/src/costmap_2d_publisher.cpp,Costmap2DROS::on_activate,node_init,node_init
274,navigation2,nav2_costmap_2d/src/costmap_2d_publisher.cpp,Costmap2DROS::on_deactivate,node_init,node_init
275,navigation2,nav2_costmap_2d/src/costmap_2d_publisher.cpp,Costmap2DROS::getParameters,node_init,node_init
332,navigation2,nav2_route/src/plugins/edge_cost_functions/dynamic_edges_scorer.cpp,DynamicEdgesScorer::closedEdgesCb,callback_function,callback_function
357,navigation2,nav2_smac_planner/src/smac_planner_2d.cpp,SmacPlanner2D::configure,node_init,node_init
375,navigation2,nav2_amcl/src/amcl_node.cpp,AmclNode::AmclNode,node_init,node_init
376,navigation2,nav2_amcl/src/amcl_node.cpp,AmclNode::on_configure,node_init,node_init
377,navigation2,nav2_amcl/src/amcl_node.cpp,AmclNode::on_activate,node_init,node_init
382,navigation2,nav2_amcl/src/amcl_node.cpp,AmclNode::publishParticleCloud,publish_function,publish_function
384,navigation2,nav2_amcl/src/amcl_node.cpp,AmclNode::publishAmclPose,publish_function,publish_function
389,navigation2,nav2_amcl/src/amcl_node.cpp,AmclNode::initPubSub,node_init,node_init
390,navigation2,nav2_amcl/src/amcl_node.cpp,AmclNode::initServices,node_init,node_init
391,navigation2,nav2_controller/src/controller_server.cpp,ControllerServer::on_configure,node_init,node_init
392,navigation2,nav2_controller/src/controller_server.cpp,ControllerServer::publishVelocity,publish_function,publish_function
423,ros/diagnostics,diagnostic_updater/include/diagnostic_updater/diagnostic_updater.hpp,publish,publish_function,publish_function
424,ros/diagnostics,src/aggregator.cpp,Aggregator::diagCallback,callback_function,callback_function
425,ros/diagnostics,src/aggregator.cpp,Aggregator::publishData,publish_function,publish_function
504,moveit2,moveit_core/constraint_samplers/src/default_constraint_samplers.cpp,IKConstraintSampler::callIK,callback_function,callback_function
507,moveit2,moveit_ros/planning/planning_scene_monitor/src/current_state_monitor.cpp,CurrentStateMonitor::transformCallback,callback_function,callback_function
510,moveit2,moveit_ros/moveit_servo/src/pose_tracking.cpp,PoseTracking::targetPoseCallback,callback_function,callback_function
511,moveit2,moveit_ros/moveit_servo/src/pose_tracking.cpp,PoseTracking::calculateTwistCommand,callback_function,callback_function
512,moveit2,moveit_ros/moveit_servo/src/servo_calcs.cpp,ServoCalcs::ServoCalcs,node_init,node_init
514,moveit2,moveit_ros/moveit_servo/src/servo_calcs.cpp,ServoCalcs::twistStampedCB,callback_function,callback_function
515,moveit2,moveit_ros/moveit_servo/src/servo_calcs.cpp,ServoCalcs::jointCmdCB,callback_function,callback_function
516,moveit2,moveit_ros/moveit_servo/src/servo_node.cpp,ServoNode::ServoNode,node_init,node_init
123,autoware,src/universe/autoware.universe/perception/autoware_map_based_prediction,src/path_generator.cpp,PredictedPath PathGenerator::generateStraightPath,utilities
318,navigation2,nav2_route/include/nav2_route/corner_smoothing.hpp,toMsg,utilities,utilities
360,navigation2,nav2_smoother/src/nav2_smoother.cpp,SmootherServer::on_configure,utilities,utilities
47,autoware,src/universe/autoware.universe/evaluator/autoware_perception_online_evaluator,src/metrics_calculator.cpp,MetricsCalculator::getObjectByStamp,utilities
61,autoware,src/universe/autoware.universe/localization/autoware_ekf_localizer,src/diagnostics.cpp,check_process_activated,utilities
135,autoware,src/universe/autoware.universe/planning/autoware_costmap_generator,src/costmap_generator.cpp,CostmapGenerator::loadRoadAreasFromLaneletMap,utilities
220,laser_filters,src/laser_filters/array_filter.h,update,utilities,utilities
448,moveit2,moveit_planners/ompl/ompl_interface/src/parameterization/joint_space/constrained_planning_state_space.cpp,ConstrainedPlanningStateSpace::copyJointToOMPLState,utilities,utilities
346,navigation2,nav2_route/src/plugins/graph_file_savers/geojson_graph_file_saver.cpp,GeoJsonGraphFileSaver::loadEdgesFromGraph,utilities,utilities
368,navigation2,nav2_velocity_smoother/src/velocity_smoother.cpp,VelocitySmoother::applyConstraints,utilities,utilities
522,moveit2,moveit_planners/pilz_industrial_motion_planner/src/trajectory_functions.cpp,pilz_industrial_motion_planner::computeLinkFK,utilities,utilities
136,autoware,src/universe/autoware.universe/planning/autoware_costmap_generator,src/costmap_generator.cpp,CostmapGenerator::loadParkingAreasFromLaneletMap,utilities
396,navigation2,nav2_mppi_controller/include/nav2_mppi_controller/tools/utils.hpp,withinPositionGoalTolerance,utilities,utilities
503,moveit2,moveit_core/constraint_samplers/src/default_constraint_samplers.cpp,JointConstraintSampler::sample,utilities,utilities
242,navigation2,nav2_collision_monitor/src/polygon.cpp,Range::getData,utilities,utilities
284,navigation2,nav2_dwb_controller/dwb_critics/src/obstacle_footprint.cpp,getOrientedFootprint,utilities,utilities
277,navigation2,nav2_costmap_2d/src/costmap_math.cpp,distanceToLine,utilities,utilities
331,navigation2,nav2_route/src/plugins/edge_cost_functions/distance_scorer.cpp,DistanceScorer::score,utilities,utilities
13,autoware,src/universe/autoware.universe/control/autoware_autonomous_emergency_braking,src/node.cpp,AEB::hasCollision,utilities
295,navigation2,nav2_graceful_controller/src/smooth_control_law.cpp,SmoothControlLaw::calculateNextPose,utilities,utilities
84,autoware,src/universe/autoware.universe/evaluator/autoware_perception_online_evaluator,src/metrics_calculator.cpp,MetricsCalculator::calcYawRateMetrics,utilities
524,moveit2,moveit_planners/pilz_industrial_motion_planner/src/trajectory_functions.cpp,pilz_industrial_motion_planner::isRobotStateStationary,utilities,utilities
397,navigation2,nav2_mppi_controller/include/nav2_mppi_controller/tools/utils.hpp,findPathFurthestReachedPoint,utilities,utilities
335,navigation2,nav2_route/src/plugins/edge_cost_functions/semantic_scorer.cpp,SemanticScorer::score,utilities,utilities
387,navigation2,nav2_amcl/src/amcl_node.cpp,AmclNode::handleMapMessage,utilities,utilities
418,ros/diagnostics,diagnostic_remote_logging/include/diagnostic_remote_logging/influx_line_protocol.hpp,toInfluxTimestamp,utilities,utilities
148,autoware,src/universe/autoware.universe/planning/autoware_obstacle_stop_planner,src/planner_utils.cpp,getBackwardPointFromBasePoint,utilities
309,navigation2,nav2_regulated_pure_pursuit_controller/src/regulated_pure_pursuit_controller.cpp,RegulatedPurePursuitController::applyApproachVelocityScaling,utilities,utilities
259,navigation2,nav2_costmap_2d/plugins/inflation_layer.cpp,InflationLayer::computeCaches,utilities,utilities
19,autoware,src/universe/autoware.universe/control/autoware_autonomous_emergency_braking,src/utils.cpp,transformObjectFrame,utilities
214,mcl_3dl,src/mcl_3dl,src/mcl_3dl/raycasts/raycast_using_dda.h,setRay,utilities
174,autoware,src/universe/autoware.universe/planning/behavior_path_planner/autoware_behavior_path_side_shift_module,src/utils.cpp,setOrientation,utilities
2,autoware,src/core/autoware.core/common/autoware_kalman_filter,src/time_delay_kalman_filter.cpp,TimeDelayKalmanFilter::predictWithDelay,utilities
206,mcl_3dl,src/mcl_3dl,src/mcl_3dl/pf.h,measure,utilities
354,navigation2,nav2_smac_planner/src/node_2d.cpp,Node2D::getTraversalCost,utilities,utilities
367,navigation2,nav2_velocity_smoother/src/velocity_smoother.cpp,VelocitySmoother::findEtaConstraint,utilities,utilities
85,autoware,src/universe/autoware.universe/evaluator/autoware_perception_online_evaluator,src/metrics_calculator.cpp,MetricsCalculator::calcObjectsCountMetrics,utilities
428,moveit2,moveit_core/utils/src/robot_model_test_utils.cpp,RobotModelBuilder::addCollisionBox,utilities,utilities
141,autoware,src/universe/autoware.universe/planning/autoware_mission_planner_universe,src/lanelet2_plugins/utility_functions.cpp,convertCenterlineToPoints,utilities
1,autoware,src/core/autoware.core/common/autoware_geography_utils,src/height.cpp,convert_height,utilities
410,navigation2,nav2_mppi_controller/src/path_handler.cpp,PathHandler::isWithinInversionTolerances,utilities,utilities
479,autoware,src/core/autoware_lanelet2_extension/autoware_lanelet2_extension,lib/message_conversion.cpp,toBinMsg,utilities
223,laser_filters,src/laser_filters/scan_mask_filter.h,update,utilities,utilities
196,autoware,src/universe/autoware.universe/vehicle/autoware_raw_vehicle_cmd_converter,src/brake_map.cpp,BrakeMap::getBrake,utilities
181,autoware,src/universe/autoware.universe/planning/motion_velocity_planner/sampling_based_planner/autoware_sampler_common,src/transform/spline_transform.cpp,Spline2D::arcLength,utilities
422,ros/diagnostics,diagnostic_remote_logging/include/diagnostic_remote_logging/influx_line_protocol.hpp,diagnosticArrayToInfluxLineProtocol,utilities,utilities
29,autoware,src/universe/autoware.universe/control/autoware_pid_longitudinal_controller,src/longitudinal_controller_utils.cpp,getPitchByPose,utilities
505,moveit2,moveit_core/distance_field/src/distance_field.cpp,DistanceField::getDistanceGradient,utilities,utilities
262,navigation2,nav2_costmap_2d/plugins/costmap_filters/binary_filter.cpp,BinaryFilter::process,utilities,utilities
208,mcl_3dl,src/mcl_3dl,src/mcl_3dl/quat.h,Quat,utilities
231,navigation2,src/nav2_util/src/robot_utils.cpp,getCurrentPose,utilities,utilities
26,autoware,src/universe/autoware.universe/control/autoware_obstacle_collision_checker,src/obstacle_collision_checker.cpp,resample_trajectory,utilities
198,autoware,src/universe/autoware.universe/vehicle/autoware_raw_vehicle_cmd_converter,src/csv_loader.cpp,CSVLoader::readCSV,utilities
69,autoware,src/universe/autoware.universe/localization/autoware_pose2twist,src/pose2twist_core.cpp,compute_relative_rotation_vector,utilities
499,moveit2,moveit_core/collision_detection/src/world.cpp,World::moveShapeInObject,utilities,utilities
487,moveit2,moveit_core/kinematic_constraint/src/kinematic_constraint.cpp,JointConstraint::decide,utilities,utilities
127,autoware,src/universe/autoware.universe/perception/autoware_radar_object_tracker,utils/radar_object_tracker_utils.cpp,checkCloseLaneletCondition,utilities
126,autoware,src/universe/autoware.universe/perception/autoware_radar_crossing_objects_noise_filter,src/radar_crossing_objects_noise_filter_node.cpp,RadarCrossingObjectsNoiseFilterNode::isNoise,utilities
58,autoware,src/universe/autoware.universe/evaluator/autoware_planning_evaluator,src/metrics/stability_metrics.cpp,calcFrechetDistance,utilities
370,navigation2,nav2_voxel_grid/include/nav2_voxel_grid/voxel_grid.hpp,markVoxelInMap,utilities,utilities
86,autoware,src/universe/autoware.universe/evaluator/autoware_perception_online_evaluator,src/metrics_calculator.cpp,MetricsCalculator::averageFilterPath,utilities
255,navigation2,nav2_costmap_2d/include/nav2_costmap_2d/denoise/image.hpp,removeGroups,utilities,utilities
41,autoware,src/universe/autoware.universe/evaluator/autoware_control_evaluator,src/control_evaluator_node.cpp,ControlEvaluatorNode::AddKinematicStateMetricMsg,utilities
239,navigation2,nav2_collision_monitor/src/polygon.cpp,getCollisionTime,utilities,utilities
474,moveit2,moveit_core/robot_model/src/aabb.cpp,moveit::core::AABB::extendWithTransformedBox,utilities,utilities
292,navigation2,nav2_dwb_controller/nav_2d_utils/src/path_ops.cpp,adjustPlanResolution,utilities,utilities
525,moveit2,moveit_planners/pilz_industrial_motion_planner/src/trajectory_functions.cpp,pilz_industrial_motion_planner::isStateColliding,utilities,utilities
184,autoware,src/universe/autoware.universe/sensing/autoware_imu_corrector,src/gyro_bias_estimation_module.cpp,GyroBiasEstimationModule::get_bias_base_link,utilities
45,autoware,src/universe/autoware.universe/evaluator/autoware_perception_online_evaluator,src/metrics_calculator.cpp,MetricsCalculator::hasPassedTime,utilities
383,navigation2,nav2_amcl/src/amcl_node.cpp,AmclNode::getMaxWeightHyp,utilities,utilities
325,navigation2,nav2_route/src/route_planner.cpp,RoutePlanner::findShortestGraphTraversal,utilities,utilities
452,moveit2,moveit_core/trajectory_processing/time_optimal_trajectory_generation.cpp,Trajectory::getAcceleration,utilities,utilities
133,autoware,src/universe/autoware.universe/perception/perception_utils,src/run_length_encoder.cpp,runLengthDecoder,utilities
280,navigation2,nav2_costmap_2d/src/footprint.cpp,transformFootprint,utilities,utilities
224,laser_filters,src/laser_filters/scan_shadow_detector.h,isShadow,utilities,utilities
7,autoware,src/universe/autoware.universe/common/autoware_universe_utils,include/autoware/universe_utils/ros/managed_transform_buffer.hpp,transformPointcloud,utilities
68,autoware,src/universe/autoware.universe/localization/autoware_localization_error_monitor,src/diagnostics_helper.hpp,check_localization_accuracy,utilities
160,autoware,src/universe/autoware.universe/planning/autoware_route_handler,src/route_handler.cpp,get3DPointFrom2DArcLength,utilities
21,autoware,src/universe/autoware.universe/control/autoware_lane_departure_checker,src/lane_departure_checker_node/utils.cpp,cutTrajectory,utilities
455,moveit2,moveit_core/robot_trajectory/src/robot_trajectory.cpp,RobotTrajectory::reverse,utilities,utilities
490,moveit2,moveit_core/distance_field/src/find_internal_points.cpp,distance_field::findInternalPointsConvex,utilities,utilities
471,moveit2,moveit_core/robot_state/src/robot_state.cpp,RobotState::interpolate,utilities,utilities
473,moveit2,moveit_core/robot_state/src/robot_state.cpp,RobotState::computeAABB,utilities,utilities
5,autoware,src/universe/autoware.universe/common/autoware_universe_utils,include/autoware/universe_utils/geometry/geometry.hpp,calcInterpolatedPoint,utilities
22,autoware,src/universe/autoware.universe/control/autoware_lane_departure_checker,src/lane_departure_checker_node/utils.cpp,resampleTrajectory,utilities
213,mcl_3dl,src/mcl_3dl,src/mcl_3dl/point_cloud_random_samplers/point_cloud_sampler_with_normal.h,setParticleStatistics,utilities
200,autoware,src/universe/autoware.universe/vehicle/autoware_raw_vehicle_cmd_converter,src/csv_loader.cpp,CSVLoader::validateData,utilities
518,moveit2,moveit_planners/pilz_industrial_motion_planner/src/path_circle_generator.cpp,PathCircleGenerator::circleFromInterim,utilities,utilities
113,autoware,src/universe/autoware.universe/perception/autoware_detected_object_validation,src/lanelet_filter/lanelet_filter.cpp,ObjectLaneletFilterNode::getConvexHull,utilities
394,navigation2,nav2_mppi_controller/include/nav2_mppi_controller/motion_models.hpp,applyConstraints,utilities,utilities
311,navigation2,nav2_regulated_pure_pursuit_controller/src/regulated_pure_pursuit_controller.cpp,RegulatedPurePursuitController::transformPose,utilities,utilities
498,moveit2,moveit_core/collision_detection_bullet/src/bullet_integration/ros_bullet_utils.cpp,urdfPose2Eigen,utilities,utilities
164,autoware,src/universe/autoware.universe/planning/autoware_scenario_selector,src/node.cpp,isNearTrajectoryEnd,utilities
339,navigation2,nav2_route/src/plugins/graph_file_loaders/geojson_graph_file_loader.cpp,GeoJsonGraphFileLoader::addEdgesToGraph,utilities,utilities
190,autoware,src/universe/autoware.universe/vehicle/autoware_external_cmd_converter,src/node.cpp,ExternalCmdConverterNode::check_emergency_stop_topic_timeout,utilities
520,moveit2,moveit_planners/pilz_industrial_motion_planner/src/trajectory_blender_transition_window.cpp,pilz_industrial_motion_planner::TrajectoryBlenderTransitionWindow::determineTrajectoryAlignment,utilities,utilities
323,navigation2,nav2_route/src/path_converter.cpp,PathConverter::interpolateEdge,utilities,utilities
281,navigation2,nav2_costmap_2d/src/footprint_subscriber.cpp,FootprintSubscriber::getFootprintInRobotFrame,utilities,utilities
351,navigation2,nav2_smac_planner/src/a_star.cpp,AStarAlgorithm<NodeT>::getHeuristicCost,utilities,utilities
494,moveit2,moveit_core/constraint_sampler/src/union_constraint_sampler.cpp,UnionConstraintSampler::sample,utilities,utilities
363,navigation2,nav2_smoother/src/savitzky_golay_smoother.cpp,SavitzkyGolaySmoother::smoothImpl,utilities,utilities
319,navigation2,nav2_route/include/nav2_route/corner_smoothing.hpp,findClosestPoint,utilities,utilities
132,autoware,src/universe/autoware.universe/perception/perception_utils,src/run_length_encoder.cpp,runLengthEncoder,utilities
192,autoware,src/universe/autoware.universe/vehicle/autoware_raw_vehicle_cmd_converter,src/accel_map.cpp,AccelMap::readAccelMapFromCSV,utilities
195,autoware,src/universe/autoware.universe/vehicle/autoware_raw_vehicle_cmd_converter,src/brake_map.cpp,BrakeMap::readBrakeMapFromCSV,utilities
20,autoware,src/universe/autoware.universe/control/autoware_lane_departure_checker,src/lane_departure_checker_node/utils.cpp,calcFootprintMargin,utilities
118,autoware,src/universe/autoware.universe/perception/autoware_ground_segmentation,ransac_ground_filter/node.cpp,RANSACGroundFilterComponent::extractPointsIndices,utilities
374,navigation2,nav2_amcl/include/nav2_amcl/angleutils.hpp,angleutils::angle_diff,utilities,utilities
9,autoware,src/universe/autoware.universe/common/autoware_universe_utils,src/geometry/boost_polygon_utils.cpp,rotatePolygon,utilities
23,autoware,src/universe/autoware.universe/control/autoware_obstacle_collision_checker,src/obstacle_collision_checker.cpp,get_transformed_point_cloud,utilities
276,navigation2,nav2_costmap_2d/src/costmap_layer.cpp,CostmapLayer::updateWithMax,utilities,utilities
475,moveit2,moveit_core/robot_model/src/floating_joint_model.cpp,FloatingJointModel::interpolate,utilities,utilities
469,moveit2,moveit_core/robot_state/src/robot_state.cpp,updateLinkTransformsInternal,utilities,utilities
412,navigation2,nav2_mppi_controller/src/critics/goal_angle_critic.cpp,GoalAngleCritic::score,utilities,utilities
470,moveit2,moveit_core/robot_state/src/robot_state.cpp,RobotState::distance,utilities,utilities
409,navigation2,nav2_mppi_controller/src/path_handler.cpp,PathHandler::getTransformedGoal,utilities,utilities
509,moveit2,moveit_ros/moveit_servo/src/enforce_limits.cpp,enforceVelocityLimits,utilities,utilities
446,moveit2,moveit_core/trajectory_processing/time_optimal_trajectory_generation.cpp,Trajectory::getMinMaxPathAcceleration,utilities,utilities
96,autoware,src/universe/autoware.universe/localization/autoware_ekf_localizer,src/state_transition.cpp,create_state_transition_matrix,utilities
138,autoware,src/universe/autoware.universe/planning/autoware_freespace_planner,src/autoware_freespace_planner/freespace_planner_node.cpp,FreespacePlannerNode::getPlannerCommonParam,utilities